2026-08-03 11:50:48,054 WARNING Conexión perdida (server rejected WebSocket connection: HTTP 404); reintentando en 5s
2026-08-03 11:50:53,395 WARNING Conexión perdida (server rejected WebSocket connection: HTTP 404); reintentando en 5s
2026-08-03 11:50:58,654 WARNING Conexión perdida (server rejected WebSocket connection: HTTP 404); reintentando en 5s
2026-08-03 11:51:03,906 WARNING Conexión perdida (server rejected WebSocket connection: HTTP 404); reintentando en 5s
2026-08-03 11:51:09,138 WARNING Conexión perdida (server rejected WebSocket connection: HTTP 404); reintentando en 5s
2026-08-03 11:51:14,380 WARNING Conexión perdida (server rejected WebSocket connection: HTTP 404); reintentando en 5s
2026-08-03 11:51:19,616 WARNING Conexión perdida (server rejected WebSocket connection: HTTP 404); reintentando en 5s
2026-08-03 11:51:24,878 WARNING Conexión perdida (server rejected WebSocket connection: HTTP 404); reintentando en 5s
2026-08-03 11:51:30,129 WARNING Conexión perdida (server rejected WebSocket connection: HTTP 404); reintentando en 5s
2026-08-03 11:51:35,375 WARNING Conexión perdida (server rejected WebSocket connection: HTTP 404); reintentando en 5s
2026-08-03 11:51:40,632 WARNING Conexión perdida (server rejected WebSocket connection: HTTP 404); reintentando en 5s
2026-08-03 11:51:45,889 WARNING Conexión perdida (server rejected WebSocket connection: HTTP 404); reintentando en 5s
2026-08-03 11:51:51,217 WARNING Conexión perdida (server rejected WebSocket connection: HTTP 404); reintentando en 5s
2026-08-03 11:51:56,579 WARNING Conexión perdida (server rejected WebSocket connection: HTTP 404); reintentando en 5s
2026-08-03 11:52:01,824 WARNING Conexión perdida (server rejected WebSocket connection: HTTP 404); reintentando en 5s
2026-08-03 11:52:07,047 WARNING Conexión perdida (server rejected WebSocket connection: HTTP 404); reintentando en 5s
2026-08-03 11:52:12,287 WARNING Conexión perdida (server rejected WebSocket connection: HTTP 404); reintentando en 5s
2026-08-03 11:52:17,536 WARNING Conexión perdida (server rejected WebSocket connection: HTTP 404); reintentando en 5s
2026-08-03 11:52:22,772 WARNING Conexión perdida (server rejected WebSocket connection: HTTP 404); reintentando en 5s
2026-08-03 11:52:28,017 WARNING Conexión perdida (server rejected WebSocket connection: HTTP 404); reintentando en 5s
2026-08-03 11:52:33,237 WARNING Conexión perdida (server rejected WebSocket connection: HTTP 404); reintentando en 5s
2026-08-03 11:52:38,483 WARNING Conexión perdida (server rejected WebSocket connection: HTTP 404); reintentando en 5s
2026-08-03 11:52:43,718 WARNING Conexión perdida (server rejected WebSocket connection: HTTP 404); reintentando en 5s
2026-08-03 11:52:48,947 WARNING Conexión perdida (server rejected WebSocket connection: HTTP 404); reintentando en 5s
2026-08-03 11:52:54,277 WARNING Conexión perdida (server rejected WebSocket connection: HTTP 404); reintentando en 5s
2026-08-03 11:52:59,648 WARNING Conexión perdida (server rejected WebSocket connection: HTTP 404); reintentando en 5s
2026-08-03 11:53:04,890 WARNING Conexión perdida (server rejected WebSocket connection: HTTP 404); reintentando en 5s
2026-08-03 11:53:10,141 WARNING Conexión perdida (server rejected WebSocket connection: HTTP 404); reintentando en 5s
2026-08-03 11:53:15,388 WARNING Conexión perdida (server rejected WebSocket connection: HTTP 404); reintentando en 5s
2026-08-03 11:53:20,626 WARNING Conexión perdida (server rejected WebSocket connection: HTTP 404); reintentando en 5s
2026-08-03 11:53:25,880 WARNING Conexión perdida (server rejected WebSocket connection: HTTP 404); reintentando en 5s
2026-08-03 11:53:31,119 WARNING Conexión perdida (server rejected WebSocket connection: HTTP 404); reintentando en 5s
2026-08-03 11:53:36,352 WARNING Conexión perdida (server rejected WebSocket connection: HTTP 404); reintentando en 5s
2026-08-03 11:53:41,595 WARNING Conexión perdida (server rejected WebSocket connection: HTTP 404); reintentando en 5s
2026-08-03 11:53:46,832 WARNING Conexión perdida (server rejected WebSocket connection: HTTP 404); reintentando en 5s
2026-08-03 11:53:52,069 WARNING Conexión perdida (server rejected WebSocket connection: HTTP 404); reintentando en 5s
2026-08-03 11:53:57,400 WARNING Conexión perdida (server rejected WebSocket connection: HTTP 404); reintentando en 5s
2026-08-03 11:54:02,722 WARNING Conexión perdida (server rejected WebSocket connection: HTTP 404); reintentando en 5s
2026-08-03 11:54:07,948 WARNING Conexión perdida (server rejected WebSocket connection: HTTP 404); reintentando en 5s
2026-08-03 11:54:13,180 WARNING Conexión perdida (server rejected WebSocket connection: HTTP 404); reintentando en 5s
2026-08-03 11:54:18,423 WARNING Conexión perdida (server rejected WebSocket connection: HTTP 404); reintentando en 5s
2026-08-03 11:54:23,650 WARNING Conexión perdida (server rejected WebSocket connection: HTTP 404); reintentando en 5s
2026-08-03 11:54:28,869 WARNING Conexión perdida (server rejected WebSocket connection: HTTP 404); reintentando en 5s
2026-08-03 11:54:34,111 WARNING Conexión perdida (server rejected WebSocket connection: HTTP 404); reintentando en 5s
2026-08-03 11:54:39,409 INFO Conectado al servidor de impresión
2026-08-03 11:55:10,580 WARNING Conexión perdida (no close frame received or sent); reintentando en 5s
2026-08-03 11:55:16,026 WARNING Conexión perdida (transfer codings aren't supported); reintentando en 5s
2026-08-03 11:55:21,323 WARNING Conexión perdida (transfer codings aren't supported); reintentando en 5s
2026-08-03 11:55:26,622 WARNING Conexión perdida (transfer codings aren't supported); reintentando en 5s
2026-08-03 11:55:31,913 WARNING Conexión perdida (transfer codings aren't supported); reintentando en 5s
2026-08-03 11:55:37,193 WARNING Conexión perdida (transfer codings aren't supported); reintentando en 5s
2026-08-03 11:55:42,474 WARNING Conexión perdida (transfer codings aren't supported); reintentando en 5s
2026-08-03 11:55:47,775 WARNING Conexión perdida (transfer codings aren't supported); reintentando en 5s
2026-08-03 11:55:53,070 WARNING Conexión perdida (transfer codings aren't supported); reintentando en 5s
2026-08-03 11:55:58,357 INFO Conectado al servidor de impresión
2026-08-03 12:03:57,823 WARNING Conexión perdida (no close frame received or sent); reintentando en 5s
2026-08-03 12:04:03,112 INFO Conectado al servidor de impresión
2026-08-03 20:10:40,934 WARNING Conexión perdida (no close frame received or sent); reintentando en 5s
2026-08-03 20:10:46,318 WARNING Conexión perdida (transfer codings aren't supported); reintentando en 5s
2026-08-03 20:10:51,622 INFO Conectado al servidor de impresión
2026-08-03 22:28:42,539 WARNING Conexión perdida (received 1012 (service restart); then sent 1012 (service restart)); reintentando en 5s
2026-08-03 22:28:47,827 WARNING Conexión perdida (server rejected WebSocket connection: HTTP 404); reintentando en 5s
2026-08-03 22:28:53,057 WARNING Conexión perdida (server rejected WebSocket connection: HTTP 404); reintentando en 5s
2026-08-03 22:28:58,277 WARNING Conexión perdida (server rejected WebSocket connection: HTTP 404); reintentando en 5s
2026-08-03 22:29:03,513 WARNING Conexión perdida (server rejected WebSocket connection: HTTP 404); reintentando en 5s
2026-08-03 22:29:08,755 WARNING Conexión perdida (server rejected WebSocket connection: HTTP 404); reintentando en 5s
2026-08-03 22:29:13,978 WARNING Conexión perdida (server rejected WebSocket connection: HTTP 404); reintentando en 5s
2026-08-03 22:29:19,210 WARNING Conexión perdida (server rejected WebSocket connection: HTTP 404); reintentando en 5s
2026-08-03 22:29:24,453 WARNING Conexión perdida (server rejected WebSocket connection: HTTP 404); reintentando en 5s
2026-08-03 22:29:29,709 WARNING Conexión perdida (server rejected WebSocket connection: HTTP 404); reintentando en 5s
2026-08-03 22:29:34,945 WARNING Conexión perdida (server rejected WebSocket connection: HTTP 404); reintentando en 5s
2026-08-03 22:29:40,183 WARNING Conexión perdida (server rejected WebSocket connection: HTTP 404); reintentando en 5s
2026-08-03 22:29:45,431 WARNING Conexión perdida (server rejected WebSocket connection: HTTP 404); reintentando en 5s
2026-08-03 22:29:50,679 WARNING Conexión perdida (server rejected WebSocket connection: HTTP 404); reintentando en 5s
2026-08-03 22:29:55,910 WARNING Conexión perdida (server rejected WebSocket connection: HTTP 404); reintentando en 5s
2026-08-03 22:30:01,170 WARNING Conexión perdida (server rejected WebSocket connection: HTTP 404); reintentando en 5s
2026-08-03 22:30:06,402 WARNING Conexión perdida (server rejected WebSocket connection: HTTP 404); reintentando en 5s
2026-08-03 22:30:11,648 WARNING Conexión perdida (server rejected WebSocket connection: HTTP 404); reintentando en 5s
2026-08-03 22:30:16,883 WARNING Conexión perdida (server rejected WebSocket connection: HTTP 404); reintentando en 5s
2026-08-03 22:30:22,120 WARNING Conexión perdida (server rejected WebSocket connection: HTTP 404); reintentando en 5s
2026-08-03 22:30:27,358 WARNING Conexión perdida (server rejected WebSocket connection: HTTP 404); reintentando en 5s
2026-08-03 22:30:32,592 WARNING Conexión perdida (server rejected WebSocket connection: HTTP 404); reintentando en 5s
2026-08-03 22:30:37,824 WARNING Conexión perdida (server rejected WebSocket connection: HTTP 404); reintentando en 5s
2026-08-03 22:30:43,069 WARNING Conexión perdida (server rejected WebSocket connection: HTTP 404); reintentando en 5s
2026-08-03 22:30:48,303 WARNING Conexión perdida (server rejected WebSocket connection: HTTP 404); reintentando en 5s
2026-08-03 22:30:53,568 WARNING Conexión perdida (server rejected WebSocket connection: HTTP 404); reintentando en 5s
2026-08-03 22:30:58,799 WARNING Conexión perdida (server rejected WebSocket connection: HTTP 404); reintentando en 5s
2026-08-03 22:31:04,030 WARNING Conexión perdida (server rejected WebSocket connection: HTTP 404); reintentando en 5s
2026-08-03 22:31:09,260 WARNING Conexión perdida (server rejected WebSocket connection: HTTP 404); reintentando en 5s
2026-08-03 22:31:14,470 WARNING Conexión perdida (server rejected WebSocket connection: HTTP 404); reintentando en 5s
2026-08-03 22:31:19,710 WARNING Conexión perdida (server rejected WebSocket connection: HTTP 404); reintentando en 5s
2026-08-03 22:31:24,940 WARNING Conexión perdida (server rejected WebSocket connection: HTTP 404); reintentando en 5s
2026-08-03 22:31:30,161 WARNING Conexión perdida (server rejected WebSocket connection: HTTP 404); reintentando en 5s
2026-08-03 22:31:35,398 WARNING Conexión perdida (server rejected WebSocket connection: HTTP 404); reintentando en 5s
2026-08-03 22:31:40,630 WARNING Conexión perdida (server rejected WebSocket connection: HTTP 404); reintentando en 5s
2026-08-03 22:31:45,888 WARNING Conexión perdida (server rejected WebSocket connection: HTTP 404); reintentando en 5s
2026-08-03 22:31:51,114 WARNING Conexión perdida (server rejected WebSocket connection: HTTP 404); reintentando en 5s
2026-08-03 22:31:56,376 WARNING Conexión perdida (server rejected WebSocket connection: HTTP 404); reintentando en 5s
2026-08-03 22:32:01,588 WARNING Conexión perdida (server rejected WebSocket connection: HTTP 404); reintentando en 5s
2026-08-03 22:32:06,827 WARNING Conexión perdida (server rejected WebSocket connection: HTTP 404); reintentando en 5s
2026-08-03 22:32:12,056 WARNING Conexión perdida (server rejected WebSocket connection: HTTP 404); reintentando en 5s
2026-08-03 22:32:17,300 WARNING Conexión perdida (server rejected WebSocket connection: HTTP 404); reintentando en 5s
2026-08-03 22:32:22,543 WARNING Conexión perdida (server rejected WebSocket connection: HTTP 404); reintentando en 5s
2026-08-03 22:32:27,786 WARNING Conexión perdida (server rejected WebSocket connection: HTTP 404); reintentando en 5s
2026-08-03 22:32:33,022 WARNING Conexión perdida (server rejected WebSocket connection: HTTP 404); reintentando en 5s
2026-08-03 22:32:38,248 WARNING Conexión perdida (server rejected WebSocket connection: HTTP 404); reintentando en 5s
2026-08-03 22:32:43,518 WARNING Conexión perdida (server rejected WebSocket connection: HTTP 404); reintentando en 5s
2026-08-03 22:32:48,806 WARNING Conexión perdida (server rejected WebSocket connection: HTTP 404); reintentando en 5s
2026-08-03 22:32:54,031 WARNING Conexión perdida (server rejected WebSocket connection: HTTP 404); reintentando en 5s
2026-08-03 22:32:59,304 WARNING Conexión perdida (server rejected WebSocket connection: HTTP 404); reintentando en 5s
2026-08-03 22:33:04,526 WARNING Conexión perdida (server rejected WebSocket connection: HTTP 404); reintentando en 5s
2026-08-03 22:33:10,002 WARNING Conexión perdida (server rejected WebSocket connection: HTTP 404); reintentando en 5s
2026-08-03 22:33:15,306 WARNING Conexión perdida (server rejected WebSocket connection: HTTP 404); reintentando en 5s
2026-08-03 22:33:20,905 WARNING Conexión perdida (server rejected WebSocket connection: HTTP 404); reintentando en 5s
2026-08-03 22:33:26,164 WARNING Conexión perdida (server rejected WebSocket connection: HTTP 404); reintentando en 5s
2026-08-03 22:33:31,338 WARNING Conexión perdida (server rejected WebSocket connection: HTTP 404); reintentando en 5s
2026-08-03 22:33:36,575 WARNING Conexión perdida (server rejected WebSocket connection: HTTP 404); reintentando en 5s
2026-08-03 22:33:41,801 WARNING Conexión perdida (server rejected WebSocket connection: HTTP 404); reintentando en 5s
2026-08-03 22:33:47,042 WARNING Conexión perdida (server rejected WebSocket connection: HTTP 404); reintentando en 5s
2026-08-03 22:33:52,603 WARNING Conexión perdida (server rejected WebSocket connection: HTTP 404); reintentando en 5s
2026-08-03 22:33:58,094 WARNING Conexión perdida (server rejected WebSocket connection: HTTP 404); reintentando en 5s
2026-08-03 22:34:03,336 WARNING Conexión perdida (server rejected WebSocket connection: HTTP 404); reintentando en 5s
2026-08-03 22:34:08,580 WARNING Conexión perdida (server rejected WebSocket connection: HTTP 404); reintentando en 5s
2026-08-03 22:34:13,813 WARNING Conexión perdida (server rejected WebSocket connection: HTTP 404); reintentando en 5s
2026-08-03 22:34:19,050 WARNING Conexión perdida (server rejected WebSocket connection: HTTP 404); reintentando en 5s
2026-08-03 22:34:24,292 WARNING Conexión perdida (server rejected WebSocket connection: HTTP 404); reintentando en 5s
2026-08-03 22:34:29,534 WARNING Conexión perdida (server rejected WebSocket connection: HTTP 404); reintentando en 5s
2026-08-03 22:34:34,770 WARNING Conexión perdida (server rejected WebSocket connection: HTTP 404); reintentando en 5s
2026-08-03 22:34:40,039 WARNING Conexión perdida (server rejected WebSocket connection: HTTP 404); reintentando en 5s
2026-08-03 22:34:45,278 WARNING Conexión perdida (server rejected WebSocket connection: HTTP 404); reintentando en 5s
2026-08-03 22:34:50,514 WARNING Conexión perdida (server rejected WebSocket connection: HTTP 404); reintentando en 5s
2026-08-03 22:34:55,741 WARNING Conexión perdida (server rejected WebSocket connection: HTTP 404); reintentando en 5s
2026-08-03 22:35:00,980 WARNING Conexión perdida (server rejected WebSocket connection: HTTP 404); reintentando en 5s
2026-08-03 22:35:06,247 WARNING Conexión perdida (server rejected WebSocket connection: HTTP 404); reintentando en 5s
2026-08-03 22:35:11,503 WARNING Conexión perdida (server rejected WebSocket connection: HTTP 404); reintentando en 5s
2026-08-03 22:35:16,760 WARNING Conexión perdida (server rejected WebSocket connection: HTTP 404); reintentando en 5s
2026-08-03 22:35:22,006 WARNING Conexión perdida (server rejected WebSocket connection: HTTP 404); reintentando en 5s
2026-08-03 22:35:27,281 WARNING Conexión perdida (server rejected WebSocket connection: HTTP 404); reintentando en 5s
2026-08-03 22:35:32,535 WARNING Conexión perdida (server rejected WebSocket connection: HTTP 404); reintentando en 5s
2026-08-03 22:35:37,808 WARNING Conexión perdida (server rejected WebSocket connection: HTTP 404); reintentando en 5s
2026-08-03 22:35:43,035 WARNING Conexión perdida (server rejected WebSocket connection: HTTP 404); reintentando en 5s
2026-08-03 22:35:48,296 WARNING Conexión perdida (server rejected WebSocket connection: HTTP 404); reintentando en 5s
2026-08-03 22:35:53,538 WARNING Conexión perdida (server rejected WebSocket connection: HTTP 404); reintentando en 5s
2026-08-03 22:35:59,054 WARNING Conexión perdida (server rejected WebSocket connection: HTTP 404); reintentando en 5s
2026-08-03 22:36:04,316 WARNING Conexión perdida (server rejected WebSocket connection: HTTP 404); reintentando en 5s
2026-08-03 22:36:09,577 WARNING Conexión perdida (server rejected WebSocket connection: HTTP 404); reintentando en 5s
2026-08-03 22:36:14,831 WARNING Conexión perdida (server rejected WebSocket connection: HTTP 404); reintentando en 5s
2026-08-03 22:36:20,066 WARNING Conexión perdida (server rejected WebSocket connection: HTTP 404); reintentando en 5s
2026-08-03 22:36:25,323 WARNING Conexión perdida (server rejected WebSocket connection: HTTP 404); reintentando en 5s
2026-08-03 22:36:30,545 WARNING Conexión perdida (server rejected WebSocket connection: HTTP 404); reintentando en 5s
2026-08-03 22:36:36,312 WARNING Conexión perdida (server rejected WebSocket connection: HTTP 404); reintentando en 5s
2026-08-03 22:36:41,570 WARNING Conexión perdida (server rejected WebSocket connection: HTTP 404); reintentando en 5s
2026-08-03 22:36:46,820 WARNING Conexión perdida (server rejected WebSocket connection: HTTP 404); reintentando en 5s
2026-08-03 22:36:52,070 WARNING Conexión perdida (server rejected WebSocket connection: HTTP 404); reintentando en 5s
2026-08-03 22:36:57,341 WARNING Conexión perdida (server rejected WebSocket connection: HTTP 404); reintentando en 5s
2026-08-03 22:37:02,572 WARNING Conexión perdida (server rejected WebSocket connection: HTTP 404); reintentando en 5s
2026-08-03 22:37:07,812 WARNING Conexión perdida (server rejected WebSocket connection: HTTP 404); reintentando en 5s
2026-08-03 22:37:13,089 WARNING Conexión perdida (server rejected WebSocket connection: HTTP 404); reintentando en 5s
2026-08-03 22:37:18,329 WARNING Conexión perdida (server rejected WebSocket connection: HTTP 404); reintentando en 5s
2026-08-03 22:37:23,587 WARNING Conexión perdida (server rejected WebSocket connection: HTTP 404); reintentando en 5s
2026-08-03 22:37:28,823 WARNING Conexión perdida (server rejected WebSocket connection: HTTP 404); reintentando en 5s
2026-08-03 22:37:34,050 WARNING Conexión perdida (server rejected WebSocket connection: HTTP 404); reintentando en 5s
2026-08-03 22:37:39,310 WARNING Conexión perdida (server rejected WebSocket connection: HTTP 404); reintentando en 5s
2026-08-03 22:37:44,538 WARNING Conexión perdida (server rejected WebSocket connection: HTTP 404); reintentando en 5s
2026-08-03 22:37:49,777 WARNING Conexión perdida (server rejected WebSocket connection: HTTP 404); reintentando en 5s
2026-08-03 22:37:55,010 WARNING Conexión perdida (server rejected WebSocket connection: HTTP 404); reintentando en 5s
2026-08-03 22:38:00,257 WARNING Conexión perdida (server rejected WebSocket connection: HTTP 404); reintentando en 5s
2026-08-03 22:38:05,539 WARNING Conexión perdida (server rejected WebSocket connection: HTTP 404); reintentando en 5s
2026-08-03 22:38:10,789 WARNING Conexión perdida (server rejected WebSocket connection: HTTP 404); reintentando en 5s
2026-08-03 22:38:16,041 WARNING Conexión perdida (server rejected WebSocket connection: HTTP 404); reintentando en 5s
2026-08-03 22:38:21,278 WARNING Conexión perdida (server rejected WebSocket connection: HTTP 404); reintentando en 5s
2026-08-03 22:38:26,544 WARNING Conexión perdida (server rejected WebSocket connection: HTTP 404); reintentando en 5s
2026-08-03 22:38:31,784 WARNING Conexión perdida (server rejected WebSocket connection: HTTP 404); reintentando en 5s
2026-08-03 22:38:37,028 WARNING Conexión perdida (server rejected WebSocket connection: HTTP 404); reintentando en 5s
2026-08-03 22:38:42,255 WARNING Conexión perdida (server rejected WebSocket connection: HTTP 404); reintentando en 5s
2026-08-03 22:38:47,505 WARNING Conexión perdida (server rejected WebSocket connection: HTTP 404); reintentando en 5s
2026-08-03 22:38:52,736 WARNING Conexión perdida (server rejected WebSocket connection: HTTP 404); reintentando en 5s
2026-08-03 22:38:58,006 WARNING Conexión perdida (server rejected WebSocket connection: HTTP 404); reintentando en 5s
2026-08-03 22:39:03,245 WARNING Conexión perdida (server rejected WebSocket connection: HTTP 404); reintentando en 5s
2026-08-03 22:39:08,471 WARNING Conexión perdida (server rejected WebSocket connection: HTTP 404); reintentando en 5s
2026-08-03 22:39:13,720 WARNING Conexión perdida (server rejected WebSocket connection: HTTP 404); reintentando en 5s
2026-08-03 22:39:18,974 WARNING Conexión perdida (server rejected WebSocket connection: HTTP 404); reintentando en 5s
2026-08-03 22:39:24,215 WARNING Conexión perdida (server rejected WebSocket connection: HTTP 404); reintentando en 5s
2026-08-03 22:39:29,458 WARNING Conexión perdida (server rejected WebSocket connection: HTTP 404); reintentando en 5s
2026-08-03 22:39:34,697 WARNING Conexión perdida (server rejected WebSocket connection: HTTP 404); reintentando en 5s
2026-08-03 22:39:39,943 WARNING Conexión perdida (server rejected WebSocket connection: HTTP 404); reintentando en 5s
2026-08-03 22:39:45,190 WARNING Conexión perdida (server rejected WebSocket connection: HTTP 404); reintentando en 5s
2026-08-03 22:39:50,424 WARNING Conexión perdida (server rejected WebSocket connection: HTTP 404); reintentando en 5s
2026-08-03 22:39:55,663 WARNING Conexión perdida (server rejected WebSocket connection: HTTP 404); reintentando en 5s
2026-08-03 22:40:00,912 WARNING Conexión perdida (server rejected WebSocket connection: HTTP 404); reintentando en 5s
2026-08-03 22:40:06,144 WARNING Conexión perdida (server rejected WebSocket connection: HTTP 404); reintentando en 5s
2026-08-03 22:40:11,374 WARNING Conexión perdida (server rejected WebSocket connection: HTTP 404); reintentando en 5s
2026-08-03 22:40:16,610 WARNING Conexión perdida (server rejected WebSocket connection: HTTP 404); reintentando en 5s
2026-08-03 22:40:21,888 WARNING Conexión perdida (server rejected WebSocket connection: HTTP 404); reintentando en 5s
2026-08-03 22:40:27,128 WARNING Conexión perdida (server rejected WebSocket connection: HTTP 404); reintentando en 5s
2026-08-03 22:40:32,358 WARNING Conexión perdida (server rejected WebSocket connection: HTTP 404); reintentando en 5s
2026-08-03 22:40:37,607 WARNING Conexión perdida (server rejected WebSocket connection: HTTP 404); reintentando en 5s
2026-08-03 22:40:42,866 WARNING Conexión perdida (server rejected WebSocket connection: HTTP 404); reintentando en 5s
2026-08-03 22:40:48,109 WARNING Conexión perdida (server rejected WebSocket connection: HTTP 404); reintentando en 5s
2026-08-03 22:40:53,340 WARNING Conexión perdida (server rejected WebSocket connection: HTTP 404); reintentando en 5s
2026-08-03 22:40:58,576 WARNING Conexión perdida (server rejected WebSocket connection: HTTP 404); reintentando en 5s
2026-08-03 22:41:03,829 WARNING Conexión perdida (server rejected WebSocket connection: HTTP 404); reintentando en 5s
2026-08-03 22:41:09,078 WARNING Conexión perdida (server rejected WebSocket connection: HTTP 404); reintentando en 5s
2026-08-03 22:41:14,325 WARNING Conexión perdida (server rejected WebSocket connection: HTTP 404); reintentando en 5s
2026-08-03 22:41:19,568 WARNING Conexión perdida (server rejected WebSocket connection: HTTP 404); reintentando en 5s
2026-08-03 22:41:24,813 WARNING Conexión perdida (server rejected WebSocket connection: HTTP 404); reintentando en 5s
2026-08-03 22:41:30,031 WARNING Conexión perdida (server rejected WebSocket connection: HTTP 404); reintentando en 5s
2026-08-03 22:41:35,275 WARNING Conexión perdida (server rejected WebSocket connection: HTTP 404); reintentando en 5s
2026-08-03 22:41:40,507 WARNING Conexión perdida (server rejected WebSocket connection: HTTP 404); reintentando en 5s
2026-08-03 22:41:45,744 WARNING Conexión perdida (server rejected WebSocket connection: HTTP 404); reintentando en 5s
2026-08-03 22:41:50,993 WARNING Conexión perdida (server rejected WebSocket connection: HTTP 404); reintentando en 5s
2026-08-03 22:41:56,230 WARNING Conexión perdida (server rejected WebSocket connection: HTTP 404); reintentando en 5s
2026-08-03 22:42:01,489 WARNING Conexión perdida (server rejected WebSocket connection: HTTP 404); reintentando en 5s
2026-08-03 22:42:06,742 WARNING Conexión perdida (server rejected WebSocket connection: HTTP 404); reintentando en 5s
2026-08-03 22:42:11,950 WARNING Conexión perdida (server rejected WebSocket connection: HTTP 404); reintentando en 5s
2026-08-03 22:42:17,184 WARNING Conexión perdida (server rejected WebSocket connection: HTTP 404); reintentando en 5s
2026-08-03 22:42:22,439 WARNING Conexión perdida (server rejected WebSocket connection: HTTP 404); reintentando en 5s
2026-08-03 22:42:27,701 WARNING Conexión perdida (server rejected WebSocket connection: HTTP 404); reintentando en 5s
2026-08-03 22:42:32,942 WARNING Conexión perdida (server rejected WebSocket connection: HTTP 404); reintentando en 5s
2026-08-03 22:42:38,171 WARNING Conexión perdida (server rejected WebSocket connection: HTTP 404); reintentando en 5s
2026-08-03 22:42:43,392 WARNING Conexión perdida (server rejected WebSocket connection: HTTP 404); reintentando en 5s
2026-08-03 22:42:48,621 WARNING Conexión perdida (server rejected WebSocket connection: HTTP 404); reintentando en 5s
2026-08-03 22:42:53,851 WARNING Conexión perdida (server rejected WebSocket connection: HTTP 404); reintentando en 5s
2026-08-03 22:42:59,081 WARNING Conexión perdida (server rejected WebSocket connection: HTTP 404); reintentando en 5s
2026-08-03 22:43:04,296 WARNING Conexión perdida (server rejected WebSocket connection: HTTP 404); reintentando en 5s
2026-08-03 22:43:09,546 WARNING Conexión perdida (server rejected WebSocket connection: HTTP 404); reintentando en 5s
2026-08-03 22:43:14,772 WARNING Conexión perdida (server rejected WebSocket connection: HTTP 404); reintentando en 5s
2026-08-03 22:43:20,011 WARNING Conexión perdida (server rejected WebSocket connection: HTTP 404); reintentando en 5s
2026-08-03 22:43:25,233 WARNING Conexión perdida (server rejected WebSocket connection: HTTP 404); reintentando en 5s
2026-08-03 22:43:30,499 WARNING Conexión perdida (server rejected WebSocket connection: HTTP 404); reintentando en 5s
2026-08-03 22:43:35,749 WARNING Conexión perdida (server rejected WebSocket connection: HTTP 404); reintentando en 5s
2026-08-03 22:43:40,979 WARNING Conexión perdida (server rejected WebSocket connection: HTTP 404); reintentando en 5s
2026-08-03 22:43:46,216 WARNING Conexión perdida (server rejected WebSocket connection: HTTP 404); reintentando en 5s
2026-08-03 22:43:51,441 WARNING Conexión perdida (server rejected WebSocket connection: HTTP 404); reintentando en 5s
2026-08-03 22:43:56,678 WARNING Conexión perdida (server rejected WebSocket connection: HTTP 404); reintentando en 5s
2026-08-03 22:44:01,944 WARNING Conexión perdida (server rejected WebSocket connection: HTTP 404); reintentando en 5s
2026-08-03 22:44:07,193 WARNING Conexión perdida (server rejected WebSocket connection: HTTP 404); reintentando en 5s
2026-08-03 22:44:12,427 WARNING Conexión perdida (server rejected WebSocket connection: HTTP 404); reintentando en 5s
2026-08-03 22:44:17,677 WARNING Conexión perdida (server rejected WebSocket connection: HTTP 404); reintentando en 5s
2026-08-03 22:44:22,887 WARNING Conexión perdida (server rejected WebSocket connection: HTTP 404); reintentando en 5s
2026-08-03 22:44:28,128 WARNING Conexión perdida (server rejected WebSocket connection: HTTP 404); reintentando en 5s
2026-08-03 22:44:33,411 WARNING Conexión perdida (server rejected WebSocket connection: HTTP 404); reintentando en 5s
2026-08-03 22:44:38,658 WARNING Conexión perdida (server rejected WebSocket connection: HTTP 404); reintentando en 5s
2026-08-03 22:44:43,907 WARNING Conexión perdida (server rejected WebSocket connection: HTTP 404); reintentando en 5s
2026-08-03 22:44:49,423 WARNING Conexión perdida (server rejected WebSocket connection: HTTP 404); reintentando en 5s
2026-08-03 22:44:54,688 WARNING Conexión perdida (server rejected WebSocket connection: HTTP 404); reintentando en 5s
2026-08-03 22:44:59,933 WARNING Conexión perdida (server rejected WebSocket connection: HTTP 404); reintentando en 5s
2026-08-03 22:45:05,191 WARNING Conexión perdida (server rejected WebSocket connection: HTTP 404); reintentando en 5s
2026-08-03 22:45:10,423 WARNING Conexión perdida (server rejected WebSocket connection: HTTP 404); reintentando en 5s
2026-08-03 22:45:15,677 WARNING Conexión perdida (server rejected WebSocket connection: HTTP 404); reintentando en 5s
2026-08-03 22:45:20,917 WARNING Conexión perdida (server rejected WebSocket connection: HTTP 404); reintentando en 5s
2026-08-03 22:45:26,161 WARNING Conexión perdida (server rejected WebSocket connection: HTTP 404); reintentando en 5s
2026-08-03 22:45:31,418 WARNING Conexión perdida (server rejected WebSocket connection: HTTP 404); reintentando en 5s
2026-08-03 22:45:36,684 WARNING Conexión perdida (server rejected WebSocket connection: HTTP 404); reintentando en 5s
2026-08-03 22:45:41,927 WARNING Conexión perdida (server rejected WebSocket connection: HTTP 404); reintentando en 5s
2026-08-03 22:45:47,192 WARNING Conexión perdida (server rejected WebSocket connection: HTTP 404); reintentando en 5s
2026-08-03 22:45:52,436 WARNING Conexión perdida (server rejected WebSocket connection: HTTP 404); reintentando en 5s
2026-08-03 22:45:57,677 WARNING Conexión perdida (server rejected WebSocket connection: HTTP 404); reintentando en 5s
2026-08-03 22:46:02,916 WARNING Conexión perdida (server rejected WebSocket connection: HTTP 404); reintentando en 5s
2026-08-03 22:46:08,160 WARNING Conexión perdida (server rejected WebSocket connection: HTTP 404); reintentando en 5s
2026-08-03 22:46:13,408 WARNING Conexión perdida (server rejected WebSocket connection: HTTP 404); reintentando en 5s
2026-08-03 22:46:18,646 WARNING Conexión perdida (server rejected WebSocket connection: HTTP 404); reintentando en 5s
2026-08-03 22:46:23,897 WARNING Conexión perdida (server rejected WebSocket connection: HTTP 404); reintentando en 5s
2026-08-03 22:46:29,130 WARNING Conexión perdida (server rejected WebSocket connection: HTTP 404); reintentando en 5s
2026-08-03 22:46:34,367 WARNING Conexión perdida (server rejected WebSocket connection: HTTP 404); reintentando en 5s
2026-08-03 22:46:39,647 WARNING Conexión perdida (server rejected WebSocket connection: HTTP 404); reintentando en 5s
2026-08-03 22:46:44,894 WARNING Conexión perdida (server rejected WebSocket connection: HTTP 404); reintentando en 5s
2026-08-03 22:46:50,126 WARNING Conexión perdida (server rejected WebSocket connection: HTTP 404); reintentando en 5s
2026-08-03 22:46:55,362 WARNING Conexión perdida (server rejected WebSocket connection: HTTP 404); reintentando en 5s
2026-08-03 22:47:00,588 WARNING Conexión perdida (server rejected WebSocket connection: HTTP 404); reintentando en 5s
2026-08-03 22:47:05,818 WARNING Conexión perdida (server rejected WebSocket connection: HTTP 404); reintentando en 5s
2026-08-03 22:47:11,046 WARNING Conexión perdida (server rejected WebSocket connection: HTTP 404); reintentando en 5s
2026-08-03 22:47:16,276 WARNING Conexión perdida (server rejected WebSocket connection: HTTP 404); reintentando en 5s
2026-08-03 22:47:21,508 WARNING Conexión perdida (server rejected WebSocket connection: HTTP 404); reintentando en 5s
2026-08-03 22:47:26,745 WARNING Conexión perdida (server rejected WebSocket connection: HTTP 404); reintentando en 5s
2026-08-03 22:47:31,976 WARNING Conexión perdida (server rejected WebSocket connection: HTTP 404); reintentando en 5s
2026-08-03 22:47:37,205 WARNING Conexión perdida (server rejected WebSocket connection: HTTP 404); reintentando en 5s
2026-08-03 22:47:42,473 WARNING Conexión perdida (server rejected WebSocket connection: HTTP 404); reintentando en 5s
2026-08-03 22:47:47,707 WARNING Conexión perdida (server rejected WebSocket connection: HTTP 404); reintentando en 5s
2026-08-03 22:47:52,934 WARNING Conexión perdida (server rejected WebSocket connection: HTTP 404); reintentando en 5s
2026-08-03 22:47:58,176 WARNING Conexión perdida (server rejected WebSocket connection: HTTP 404); reintentando en 5s
2026-08-03 22:48:03,429 WARNING Conexión perdida (server rejected WebSocket connection: HTTP 404); reintentando en 5s
2026-08-03 22:48:08,675 WARNING Conexión perdida (server rejected WebSocket connection: HTTP 404); reintentando en 5s
2026-08-03 22:48:13,920 WARNING Conexión perdida (server rejected WebSocket connection: HTTP 404); reintentando en 5s
2026-08-03 22:48:19,171 WARNING Conexión perdida (server rejected WebSocket connection: HTTP 404); reintentando en 5s
2026-08-03 22:48:24,405 WARNING Conexión perdida (server rejected WebSocket connection: HTTP 404); reintentando en 5s
2026-08-03 22:48:29,647 WARNING Conexión perdida (server rejected WebSocket connection: HTTP 404); reintentando en 5s
2026-08-03 22:48:34,876 WARNING Conexión perdida (server rejected WebSocket connection: HTTP 404); reintentando en 5s
2026-08-03 22:48:40,112 WARNING Conexión perdida (server rejected WebSocket connection: HTTP 404); reintentando en 5s
2026-08-03 22:48:45,359 WARNING Conexión perdida (server rejected WebSocket connection: HTTP 404); reintentando en 5s
2026-08-03 22:48:50,616 WARNING Conexión perdida (server rejected WebSocket connection: HTTP 404); reintentando en 5s
2026-08-03 22:48:55,843 WARNING Conexión perdida (server rejected WebSocket connection: HTTP 404); reintentando en 5s
2026-08-03 22:49:01,075 WARNING Conexión perdida (server rejected WebSocket connection: HTTP 404); reintentando en 5s
2026-08-03 22:49:06,329 WARNING Conexión perdida (server rejected WebSocket connection: HTTP 404); reintentando en 5s
2026-08-03 22:49:11,563 WARNING Conexión perdida (server rejected WebSocket connection: HTTP 404); reintentando en 5s
2026-08-03 22:49:16,783 WARNING Conexión perdida (server rejected WebSocket connection: HTTP 404); reintentando en 5s
2026-08-03 22:49:22,035 WARNING Conexión perdida (server rejected WebSocket connection: HTTP 404); reintentando en 5s
2026-08-03 22:49:27,283 WARNING Conexión perdida (server rejected WebSocket connection: HTTP 404); reintentando en 5s
2026-08-03 22:49:32,507 WARNING Conexión perdida (server rejected WebSocket connection: HTTP 404); reintentando en 5s
2026-08-03 22:49:37,733 WARNING Conexión perdida (server rejected WebSocket connection: HTTP 404); reintentando en 5s
2026-08-03 22:49:42,964 WARNING Conexión perdida (server rejected WebSocket connection: HTTP 404); reintentando en 5s
2026-08-03 22:49:48,227 WARNING Conexión perdida (server rejected WebSocket connection: HTTP 404); reintentando en 5s
2026-08-03 22:49:53,467 WARNING Conexión perdida (server rejected WebSocket connection: HTTP 404); reintentando en 5s
2026-08-03 22:49:58,716 WARNING Conexión perdida (server rejected WebSocket connection: HTTP 404); reintentando en 5s
2026-08-03 22:50:03,966 WARNING Conexión perdida (server rejected WebSocket connection: HTTP 404); reintentando en 5s
2026-08-03 22:50:09,208 WARNING Conexión perdida (server rejected WebSocket connection: HTTP 404); reintentando en 5s
2026-08-03 22:50:14,449 WARNING Conexión perdida (server rejected WebSocket connection: HTTP 404); reintentando en 5s
2026-08-03 22:50:19,708 WARNING Conexión perdida (server rejected WebSocket connection: HTTP 404); reintentando en 5s
2026-08-03 22:50:24,961 WARNING Conexión perdida (server rejected WebSocket connection: HTTP 404); reintentando en 5s
2026-08-03 22:50:30,200 WARNING Conexión perdida (server rejected WebSocket connection: HTTP 404); reintentando en 5s
2026-08-03 22:50:35,427 WARNING Conexión perdida (server rejected WebSocket connection: HTTP 404); reintentando en 5s
2026-08-03 22:50:40,658 WARNING Conexión perdida (server rejected WebSocket connection: HTTP 404); reintentando en 5s
2026-08-03 22:50:45,897 WARNING Conexión perdida (server rejected WebSocket connection: HTTP 404); reintentando en 5s
2026-08-03 22:50:51,161 WARNING Conexión perdida (server rejected WebSocket connection: HTTP 404); reintentando en 5s
2026-08-03 22:50:56,394 WARNING Conexión perdida (server rejected WebSocket connection: HTTP 404); reintentando en 5s
2026-08-03 22:51:01,659 WARNING Conexión perdida (server rejected WebSocket connection: HTTP 404); reintentando en 5s
2026-08-03 22:51:06,899 WARNING Conexión perdida (server rejected WebSocket connection: HTTP 404); reintentando en 5s
2026-08-03 22:51:12,129 WARNING Conexión perdida (server rejected WebSocket connection: HTTP 404); reintentando en 5s
2026-08-03 22:51:17,376 WARNING Conexión perdida (server rejected WebSocket connection: HTTP 404); reintentando en 5s
2026-08-03 22:51:22,630 WARNING Conexión perdida (server rejected WebSocket connection: HTTP 404); reintentando en 5s
2026-08-03 22:51:27,880 WARNING Conexión perdida (server rejected WebSocket connection: HTTP 404); reintentando en 5s
2026-08-03 22:51:33,117 WARNING Conexión perdida (server rejected WebSocket connection: HTTP 404); reintentando en 5s
2026-08-03 22:51:38,372 WARNING Conexión perdida (server rejected WebSocket connection: HTTP 404); reintentando en 5s
2026-08-03 22:51:43,602 WARNING Conexión perdida (server rejected WebSocket connection: HTTP 404); reintentando en 5s
2026-08-03 22:51:48,859 WARNING Conexión perdida (server rejected WebSocket connection: HTTP 404); reintentando en 5s
2026-08-03 22:51:54,127 WARNING Conexión perdida (server rejected WebSocket connection: HTTP 404); reintentando en 5s
2026-08-03 22:51:59,376 WARNING Conexión perdida (server rejected WebSocket connection: HTTP 404); reintentando en 5s
2026-08-03 22:52:04,606 WARNING Conexión perdida (server rejected WebSocket connection: HTTP 404); reintentando en 5s
2026-08-03 22:52:09,846 WARNING Conexión perdida (server rejected WebSocket connection: HTTP 404); reintentando en 5s
2026-08-03 22:52:15,067 WARNING Conexión perdida (server rejected WebSocket connection: HTTP 404); reintentando en 5s
2026-08-03 22:52:20,317 WARNING Conexión perdida (server rejected WebSocket connection: HTTP 404); reintentando en 5s
2026-08-03 22:52:25,560 WARNING Conexión perdida (server rejected WebSocket connection: HTTP 404); reintentando en 5s
2026-08-03 22:52:30,792 WARNING Conexión perdida (server rejected WebSocket connection: HTTP 404); reintentando en 5s
2026-08-03 22:52:36,035 WARNING Conexión perdida (server rejected WebSocket connection: HTTP 404); reintentando en 5s
2026-08-03 22:52:41,267 WARNING Conexión perdida (server rejected WebSocket connection: HTTP 404); reintentando en 5s
2026-08-03 22:52:46,497 WARNING Conexión perdida (server rejected WebSocket connection: HTTP 404); reintentando en 5s
2026-08-03 22:52:51,735 WARNING Conexión perdida (server rejected WebSocket connection: HTTP 404); reintentando en 5s
2026-08-03 22:52:56,992 WARNING Conexión perdida (server rejected WebSocket connection: HTTP 404); reintentando en 5s
2026-08-03 22:53:02,226 WARNING Conexión perdida (server rejected WebSocket connection: HTTP 404); reintentando en 5s
2026-08-03 22:53:07,465 WARNING Conexión perdida (server rejected WebSocket connection: HTTP 404); reintentando en 5s
2026-08-03 22:53:12,708 WARNING Conexión perdida (server rejected WebSocket connection: HTTP 404); reintentando en 5s
2026-08-03 22:53:17,960 WARNING Conexión perdida (server rejected WebSocket connection: HTTP 404); reintentando en 5s
2026-08-03 22:53:23,200 WARNING Conexión perdida (server rejected WebSocket connection: HTTP 404); reintentando en 5s
2026-08-03 22:53:28,466 WARNING Conexión perdida (server rejected WebSocket connection: HTTP 404); reintentando en 5s
2026-08-03 22:53:33,697 WARNING Conexión perdida (server rejected WebSocket connection: HTTP 404); reintentando en 5s
2026-08-03 22:53:38,946 WARNING Conexión perdida (server rejected WebSocket connection: HTTP 404); reintentando en 5s
2026-08-03 22:53:44,184 WARNING Conexión perdida (server rejected WebSocket connection: HTTP 404); reintentando en 5s
2026-08-03 22:53:49,415 WARNING Conexión perdida (server rejected WebSocket connection: HTTP 404); reintentando en 5s
2026-08-03 22:53:54,648 WARNING Conexión perdida (server rejected WebSocket connection: HTTP 404); reintentando en 5s
2026-08-03 22:53:59,897 WARNING Conexión perdida (server rejected WebSocket connection: HTTP 404); reintentando en 5s
2026-08-03 22:54:05,118 WARNING Conexión perdida (server rejected WebSocket connection: HTTP 404); reintentando en 5s
2026-08-03 22:54:10,377 WARNING Conexión perdida (server rejected WebSocket connection: HTTP 404); reintentando en 5s
2026-08-03 22:54:15,602 WARNING Conexión perdida (server rejected WebSocket connection: HTTP 404); reintentando en 5s
2026-08-03 22:54:20,829 WARNING Conexión perdida (server rejected WebSocket connection: HTTP 404); reintentando en 5s
2026-08-03 22:54:26,066 WARNING Conexión perdida (server rejected WebSocket connection: HTTP 404); reintentando en 5s
2026-08-03 22:54:31,302 WARNING Conexión perdida (server rejected WebSocket connection: HTTP 404); reintentando en 5s
2026-08-03 22:54:36,529 WARNING Conexión perdida (server rejected WebSocket connection: HTTP 404); reintentando en 5s
2026-08-03 22:54:41,759 WARNING Conexión perdida (server rejected WebSocket connection: HTTP 404); reintentando en 5s
2026-08-03 22:54:46,998 WARNING Conexión perdida (server rejected WebSocket connection: HTTP 404); reintentando en 5s
2026-08-03 22:54:52,241 WARNING Conexión perdida (server rejected WebSocket connection: HTTP 404); reintentando en 5s
2026-08-03 22:54:57,492 WARNING Conexión perdida (server rejected WebSocket connection: HTTP 404); reintentando en 5s
2026-08-03 22:55:03,767 WARNING Conexión perdida (server rejected WebSocket connection: HTTP 404); reintentando en 5s
2026-08-03 22:55:09,010 WARNING Conexión perdida (server rejected WebSocket connection: HTTP 404); reintentando en 5s
2026-08-03 22:55:14,260 WARNING Conexión perdida (server rejected WebSocket connection: HTTP 404); reintentando en 5s
2026-08-03 22:55:19,493 WARNING Conexión perdida (server rejected WebSocket connection: HTTP 404); reintentando en 5s
2026-08-03 22:55:24,746 WARNING Conexión perdida (server rejected WebSocket connection: HTTP 404); reintentando en 5s
2026-08-03 22:55:29,994 WARNING Conexión perdida (server rejected WebSocket connection: HTTP 404); reintentando en 5s
2026-08-03 22:55:35,231 WARNING Conexión perdida (server rejected WebSocket connection: HTTP 404); reintentando en 5s
2026-08-03 22:55:40,460 WARNING Conexión perdida (server rejected WebSocket connection: HTTP 404); reintentando en 5s
2026-08-03 22:55:45,703 WARNING Conexión perdida (server rejected WebSocket connection: HTTP 404); reintentando en 5s
2026-08-03 22:55:50,953 WARNING Conexión perdida (server rejected WebSocket connection: HTTP 404); reintentando en 5s
2026-08-03 22:55:56,203 WARNING Conexión perdida (server rejected WebSocket connection: HTTP 404); reintentando en 5s
2026-08-03 22:56:01,433 WARNING Conexión perdida (server rejected WebSocket connection: HTTP 404); reintentando en 5s
2026-08-03 22:56:06,675 WARNING Conexión perdida (server rejected WebSocket connection: HTTP 404); reintentando en 5s
2026-08-03 22:56:11,900 WARNING Conexión perdida (server rejected WebSocket connection: HTTP 404); reintentando en 5s
2026-08-03 22:56:17,147 WARNING Conexión perdida (server rejected WebSocket connection: HTTP 404); reintentando en 5s
2026-08-03 22:56:22,417 WARNING Conexión perdida (server rejected WebSocket connection: HTTP 404); reintentando en 5s
2026-08-03 22:56:27,670 WARNING Conexión perdida (server rejected WebSocket connection: HTTP 404); reintentando en 5s
2026-08-03 22:56:32,919 WARNING Conexión perdida (server rejected WebSocket connection: HTTP 404); reintentando en 5s
2026-08-03 22:56:38,153 WARNING Conexión perdida (server rejected WebSocket connection: HTTP 404); reintentando en 5s
2026-08-03 22:56:43,401 WARNING Conexión perdida (server rejected WebSocket connection: HTTP 404); reintentando en 5s
2026-08-03 22:56:48,631 WARNING Conexión perdida (server rejected WebSocket connection: HTTP 404); reintentando en 5s
2026-08-03 22:56:53,885 WARNING Conexión perdida (server rejected WebSocket connection: HTTP 404); reintentando en 5s
2026-08-03 22:56:59,144 WARNING Conexión perdida (server rejected WebSocket connection: HTTP 404); reintentando en 5s
2026-08-03 22:57:04,371 WARNING Conexión perdida (server rejected WebSocket connection: HTTP 404); reintentando en 5s
2026-08-03 22:57:09,629 WARNING Conexión perdida (server rejected WebSocket connection: HTTP 404); reintentando en 5s
2026-08-03 22:57:14,879 WARNING Conexión perdida (server rejected WebSocket connection: HTTP 404); reintentando en 5s
2026-08-03 22:57:20,122 WARNING Conexión perdida (server rejected WebSocket connection: HTTP 404); reintentando en 5s
2026-08-03 22:57:25,361 WARNING Conexión perdida (server rejected WebSocket connection: HTTP 404); reintentando en 5s
2026-08-03 22:57:30,897 WARNING Conexión perdida (server rejected WebSocket connection: HTTP 404); reintentando en 5s
2026-08-03 22:57:36,146 WARNING Conexión perdida (server rejected WebSocket connection: HTTP 404); reintentando en 5s
2026-08-03 22:57:41,382 WARNING Conexión perdida (server rejected WebSocket connection: HTTP 404); reintentando en 5s
2026-08-03 22:57:46,611 WARNING Conexión perdida (server rejected WebSocket connection: HTTP 404); reintentando en 5s
2026-08-03 22:57:51,861 WARNING Conexión perdida (server rejected WebSocket connection: HTTP 404); reintentando en 5s
2026-08-03 22:57:57,099 WARNING Conexión perdida (server rejected WebSocket connection: HTTP 404); reintentando en 5s
2026-08-03 22:58:02,331 WARNING Conexión perdida (server rejected WebSocket connection: HTTP 404); reintentando en 5s
2026-08-03 22:58:07,563 WARNING Conexión perdida (server rejected WebSocket connection: HTTP 404); reintentando en 5s
2026-08-03 22:58:12,828 WARNING Conexión perdida (server rejected WebSocket connection: HTTP 404); reintentando en 5s
2026-08-03 22:58:18,061 WARNING Conexión perdida (server rejected WebSocket connection: HTTP 404); reintentando en 5s
2026-08-03 22:58:23,294 WARNING Conexión perdida (server rejected WebSocket connection: HTTP 404); reintentando en 5s
2026-08-03 22:58:28,549 WARNING Conexión perdida (server rejected WebSocket connection: HTTP 404); reintentando en 5s
2026-08-03 22:58:33,795 WARNING Conexión perdida (server rejected WebSocket connection: HTTP 404); reintentando en 5s
2026-08-03 22:58:39,028 WARNING Conexión perdida (server rejected WebSocket connection: HTTP 404); reintentando en 5s
2026-08-03 22:58:44,261 WARNING Conexión perdida (server rejected WebSocket connection: HTTP 404); reintentando en 5s
2026-08-03 22:58:49,511 WARNING Conexión perdida (server rejected WebSocket connection: HTTP 404); reintentando en 5s
2026-08-03 22:58:54,777 WARNING Conexión perdida (server rejected WebSocket connection: HTTP 404); reintentando en 5s
2026-08-03 22:59:00,014 WARNING Conexión perdida (server rejected WebSocket connection: HTTP 404); reintentando en 5s
2026-08-03 22:59:05,262 WARNING Conexión perdida (server rejected WebSocket connection: HTTP 404); reintentando en 5s
2026-08-03 22:59:10,518 WARNING Conexión perdida (server rejected WebSocket connection: HTTP 404); reintentando en 5s
2026-08-03 22:59:15,770 WARNING Conexión perdida (server rejected WebSocket connection: HTTP 404); reintentando en 5s
2026-08-03 22:59:20,997 WARNING Conexión perdida (server rejected WebSocket connection: HTTP 404); reintentando en 5s
2026-08-03 22:59:26,242 WARNING Conexión perdida (server rejected WebSocket connection: HTTP 404); reintentando en 5s
2026-08-03 22:59:31,477 WARNING Conexión perdida (server rejected WebSocket connection: HTTP 404); reintentando en 5s
2026-08-03 22:59:36,717 WARNING Conexión perdida (server rejected WebSocket connection: HTTP 404); reintentando en 5s
2026-08-03 22:59:41,962 WARNING Conexión perdida (server rejected WebSocket connection: HTTP 404); reintentando en 5s
2026-08-03 22:59:47,187 WARNING Conexión perdida (server rejected WebSocket connection: HTTP 404); reintentando en 5s
2026-08-03 22:59:52,433 WARNING Conexión perdida (server rejected WebSocket connection: HTTP 404); reintentando en 5s
2026-08-03 22:59:57,678 WARNING Conexión perdida (server rejected WebSocket connection: HTTP 404); reintentando en 5s
2026-08-03 23:00:02,929 WARNING Conexión perdida (server rejected WebSocket connection: HTTP 404); reintentando en 5s
2026-08-03 23:00:08,177 WARNING Conexión perdida (server rejected WebSocket connection: HTTP 404); reintentando en 5s
2026-08-03 23:00:13,397 WARNING Conexión perdida (server rejected WebSocket connection: HTTP 404); reintentando en 5s
2026-08-03 23:00:18,658 WARNING Conexión perdida (server rejected WebSocket connection: HTTP 404); reintentando en 5s
2026-08-03 23:00:23,902 WARNING Conexión perdida (server rejected WebSocket connection: HTTP 404); reintentando en 5s
2026-08-03 23:00:29,146 WARNING Conexión perdida (server rejected WebSocket connection: HTTP 404); reintentando en 5s
2026-08-03 23:00:34,386 WARNING Conexión perdida (server rejected WebSocket connection: HTTP 404); reintentando en 5s
2026-08-03 23:00:39,639 WARNING Conexión perdida (server rejected WebSocket connection: HTTP 404); reintentando en 5s
2026-08-03 23:00:44,886 WARNING Conexión perdida (server rejected WebSocket connection: HTTP 404); reintentando en 5s
2026-08-03 23:00:50,135 WARNING Conexión perdida (server rejected WebSocket connection: HTTP 404); reintentando en 5s
2026-08-03 23:00:55,370 WARNING Conexión perdida (server rejected WebSocket connection: HTTP 404); reintentando en 5s
2026-08-03 23:01:00,602 WARNING Conexión perdida (server rejected WebSocket connection: HTTP 404); reintentando en 5s
2026-08-03 23:01:05,852 WARNING Conexión perdida (server rejected WebSocket connection: HTTP 404); reintentando en 5s
2026-08-03 23:01:11,266 WARNING Conexión perdida (server rejected WebSocket connection: HTTP 404); reintentando en 5s
2026-08-03 23:01:16,516 WARNING Conexión perdida (server rejected WebSocket connection: HTTP 404); reintentando en 5s
2026-08-03 23:01:21,797 WARNING Conexión perdida (server rejected WebSocket connection: HTTP 404); reintentando en 5s
2026-08-03 23:01:27,043 WARNING Conexión perdida (server rejected WebSocket connection: HTTP 404); reintentando en 5s
2026-08-03 23:01:32,293 WARNING Conexión perdida (server rejected WebSocket connection: HTTP 404); reintentando en 5s
2026-08-03 23:01:37,538 WARNING Conexión perdida (server rejected WebSocket connection: HTTP 404); reintentando en 5s
2026-08-03 23:01:42,776 WARNING Conexión perdida (server rejected WebSocket connection: HTTP 404); reintentando en 5s
2026-08-03 23:01:48,020 WARNING Conexión perdida (server rejected WebSocket connection: HTTP 404); reintentando en 5s
2026-08-03 23:01:53,276 WARNING Conexión perdida (server rejected WebSocket connection: HTTP 404); reintentando en 5s
2026-08-03 23:01:58,521 WARNING Conexión perdida (server rejected WebSocket connection: HTTP 404); reintentando en 5s
2026-08-03 23:02:03,769 WARNING Conexión perdida (server rejected WebSocket connection: HTTP 404); reintentando en 5s
2026-08-03 23:02:08,997 WARNING Conexión perdida (server rejected WebSocket connection: HTTP 404); reintentando en 5s
2026-08-03 23:02:14,237 WARNING Conexión perdida (server rejected WebSocket connection: HTTP 404); reintentando en 5s
2026-08-03 23:02:19,480 WARNING Conexión perdida (server rejected WebSocket connection: HTTP 404); reintentando en 5s
2026-08-03 23:02:24,732 WARNING Conexión perdida (server rejected WebSocket connection: HTTP 404); reintentando en 5s
2026-08-03 23:02:29,970 WARNING Conexión perdida (server rejected WebSocket connection: HTTP 404); reintentando en 5s
2026-08-03 23:02:35,213 WARNING Conexión perdida (server rejected WebSocket connection: HTTP 404); reintentando en 5s
2026-08-03 23:02:40,480 WARNING Conexión perdida (server rejected WebSocket connection: HTTP 404); reintentando en 5s
2026-08-03 23:02:45,712 WARNING Conexión perdida (server rejected WebSocket connection: HTTP 404); reintentando en 5s
2026-08-03 23:02:50,968 WARNING Conexión perdida (server rejected WebSocket connection: HTTP 404); reintentando en 5s
2026-08-03 23:02:56,218 WARNING Conexión perdida (server rejected WebSocket connection: HTTP 404); reintentando en 5s
2026-08-03 23:03:01,456 WARNING Conexión perdida (server rejected WebSocket connection: HTTP 404); reintentando en 5s
2026-08-03 23:03:06,697 WARNING Conexión perdida (server rejected WebSocket connection: HTTP 404); reintentando en 5s
2026-08-03 23:03:11,931 WARNING Conexión perdida (server rejected WebSocket connection: HTTP 404); reintentando en 5s
2026-08-03 23:03:17,178 WARNING Conexión perdida (server rejected WebSocket connection: HTTP 404); reintentando en 5s
2026-08-03 23:03:22,428 WARNING Conexión perdida (server rejected WebSocket connection: HTTP 404); reintentando en 5s
2026-08-03 23:03:27,718 WARNING Conexión perdida (server rejected WebSocket connection: HTTP 404); reintentando en 5s
2026-08-03 23:03:32,938 WARNING Conexión perdida (server rejected WebSocket connection: HTTP 404); reintentando en 5s
2026-08-03 23:03:38,194 WARNING Conexión perdida (server rejected WebSocket connection: HTTP 404); reintentando en 5s
2026-08-03 23:03:43,431 WARNING Conexión perdida (server rejected WebSocket connection: HTTP 404); reintentando en 5s
2026-08-03 23:03:48,660 WARNING Conexión perdida (server rejected WebSocket connection: HTTP 404); reintentando en 5s
2026-08-03 23:03:53,910 WARNING Conexión perdida (server rejected WebSocket connection: HTTP 404); reintentando en 5s
2026-08-03 23:03:59,168 WARNING Conexión perdida (server rejected WebSocket connection: HTTP 404); reintentando en 5s
2026-08-03 23:04:04,408 WARNING Conexión perdida (server rejected WebSocket connection: HTTP 404); reintentando en 5s
2026-08-03 23:04:09,631 WARNING Conexión perdida (server rejected WebSocket connection: HTTP 404); reintentando en 5s
2026-08-03 23:04:14,860 WARNING Conexión perdida (server rejected WebSocket connection: HTTP 404); reintentando en 5s
2026-08-03 23:04:20,093 WARNING Conexión perdida (server rejected WebSocket connection: HTTP 404); reintentando en 5s
2026-08-03 23:04:25,329 WARNING Conexión perdida (server rejected WebSocket connection: HTTP 404); reintentando en 5s
2026-08-03 23:04:30,578 WARNING Conexión perdida (server rejected WebSocket connection: HTTP 404); reintentando en 5s
2026-08-03 23:04:35,830 WARNING Conexión perdida (server rejected WebSocket connection: HTTP 404); reintentando en 5s
2026-08-03 23:04:41,069 WARNING Conexión perdida (server rejected WebSocket connection: HTTP 404); reintentando en 5s
2026-08-03 23:04:46,317 WARNING Conexión perdida (server rejected WebSocket connection: HTTP 404); reintentando en 5s
2026-08-03 23:04:51,561 WARNING Conexión perdida (server rejected WebSocket connection: HTTP 404); reintentando en 5s
2026-08-03 23:04:56,805 WARNING Conexión perdida (server rejected WebSocket connection: HTTP 404); reintentando en 5s
2026-08-03 23:05:02,042 WARNING Conexión perdida (server rejected WebSocket connection: HTTP 404); reintentando en 5s
2026-08-03 23:05:07,260 WARNING Conexión perdida (server rejected WebSocket connection: HTTP 404); reintentando en 5s
2026-08-03 23:05:12,503 WARNING Conexión perdida (server rejected WebSocket connection: HTTP 404); reintentando en 5s
2026-08-03 23:05:17,749 WARNING Conexión perdida (server rejected WebSocket connection: HTTP 404); reintentando en 5s
2026-08-03 23:05:22,999 WARNING Conexión perdida (server rejected WebSocket connection: HTTP 404); reintentando en 5s
2026-08-03 23:05:28,239 WARNING Conexión perdida (server rejected WebSocket connection: HTTP 404); reintentando en 5s
2026-08-03 23:05:33,500 WARNING Conexión perdida (server rejected WebSocket connection: HTTP 404); reintentando en 5s
2026-08-03 23:05:38,751 WARNING Conexión perdida (server rejected WebSocket connection: HTTP 404); reintentando en 5s
2026-08-03 23:05:43,980 WARNING Conexión perdida (server rejected WebSocket connection: HTTP 404); reintentando en 5s
2026-08-03 23:05:49,213 WARNING Conexión perdida (server rejected WebSocket connection: HTTP 404); reintentando en 5s
2026-08-03 23:05:54,450 WARNING Conexión perdida (server rejected WebSocket connection: HTTP 404); reintentando en 5s
2026-08-03 23:05:59,692 WARNING Conexión perdida (server rejected WebSocket connection: HTTP 404); reintentando en 5s
2026-08-03 23:06:04,928 WARNING Conexión perdida (server rejected WebSocket connection: HTTP 404); reintentando en 5s
2026-08-03 23:06:10,159 WARNING Conexión perdida (server rejected WebSocket connection: HTTP 404); reintentando en 5s
2026-08-03 23:06:15,392 WARNING Conexión perdida (server rejected WebSocket connection: HTTP 404); reintentando en 5s
2026-08-03 23:06:20,643 WARNING Conexión perdida (server rejected WebSocket connection: HTTP 404); reintentando en 5s
2026-08-03 23:06:25,876 WARNING Conexión perdida (server rejected WebSocket connection: HTTP 404); reintentando en 5s
2026-08-03 23:06:31,113 WARNING Conexión perdida (server rejected WebSocket connection: HTTP 404); reintentando en 5s
2026-08-03 23:06:36,371 WARNING Conexión perdida (server rejected WebSocket connection: HTTP 404); reintentando en 5s
2026-08-03 23:06:41,628 WARNING Conexión perdida (server rejected WebSocket connection: HTTP 404); reintentando en 5s
2026-08-03 23:06:46,860 WARNING Conexión perdida (server rejected WebSocket connection: HTTP 404); reintentando en 5s
2026-08-03 23:06:52,093 WARNING Conexión perdida (server rejected WebSocket connection: HTTP 404); reintentando en 5s
2026-08-03 23:06:57,340 WARNING Conexión perdida (server rejected WebSocket connection: HTTP 404); reintentando en 5s
2026-08-03 23:07:02,586 WARNING Conexión perdida (server rejected WebSocket connection: HTTP 404); reintentando en 5s
2026-08-03 23:07:07,831 WARNING Conexión perdida (server rejected WebSocket connection: HTTP 404); reintentando en 5s
2026-08-03 23:07:13,071 WARNING Conexión perdida (server rejected WebSocket connection: HTTP 404); reintentando en 5s
2026-08-03 23:07:18,300 WARNING Conexión perdida (server rejected WebSocket connection: HTTP 404); reintentando en 5s
2026-08-03 23:07:23,570 WARNING Conexión perdida (server rejected WebSocket connection: HTTP 404); reintentando en 5s
2026-08-03 23:07:28,814 WARNING Conexión perdida (server rejected WebSocket connection: HTTP 404); reintentando en 5s
2026-08-03 23:07:34,053 WARNING Conexión perdida (server rejected WebSocket connection: HTTP 404); reintentando en 5s
2026-08-03 23:07:39,337 WARNING Conexión perdida (server rejected WebSocket connection: HTTP 404); reintentando en 5s
2026-08-03 23:07:44,562 WARNING Conexión perdida (server rejected WebSocket connection: HTTP 404); reintentando en 5s
2026-08-03 23:07:49,794 WARNING Conexión perdida (server rejected WebSocket connection: HTTP 404); reintentando en 5s
2026-08-03 23:07:55,045 WARNING Conexión perdida (server rejected WebSocket connection: HTTP 404); reintentando en 5s
2026-08-03 23:08:00,267 WARNING Conexión perdida (server rejected WebSocket connection: HTTP 404); reintentando en 5s
2026-08-03 23:08:05,521 WARNING Conexión perdida (server rejected WebSocket connection: HTTP 404); reintentando en 5s
2026-08-03 23:08:10,737 WARNING Conexión perdida (server rejected WebSocket connection: HTTP 404); reintentando en 5s
2026-08-03 23:08:15,976 WARNING Conexión perdida (server rejected WebSocket connection: HTTP 404); reintentando en 5s
2026-08-03 23:08:21,218 WARNING Conexión perdida (server rejected WebSocket connection: HTTP 404); reintentando en 5s
2026-08-03 23:08:26,460 WARNING Conexión perdida (server rejected WebSocket connection: HTTP 404); reintentando en 5s
2026-08-03 23:08:31,696 WARNING Conexión perdida (server rejected WebSocket connection: HTTP 404); reintentando en 5s
2026-08-03 23:08:36,937 WARNING Conexión perdida (server rejected WebSocket connection: HTTP 404); reintentando en 5s
2026-08-03 23:08:42,200 WARNING Conexión perdida (server rejected WebSocket connection: HTTP 404); reintentando en 5s
2026-08-03 23:08:47,448 WARNING Conexión perdida (server rejected WebSocket connection: HTTP 404); reintentando en 5s
2026-08-03 23:08:52,693 WARNING Conexión perdida (server rejected WebSocket connection: HTTP 404); reintentando en 5s
2026-08-03 23:08:57,936 WARNING Conexión perdida (server rejected WebSocket connection: HTTP 404); reintentando en 5s
2026-08-03 23:09:03,181 WARNING Conexión perdida (server rejected WebSocket connection: HTTP 404); reintentando en 5s
2026-08-03 23:09:08,409 WARNING Conexión perdida (server rejected WebSocket connection: HTTP 404); reintentando en 5s
2026-08-03 23:09:13,648 WARNING Conexión perdida (server rejected WebSocket connection: HTTP 404); reintentando en 5s
2026-08-03 23:09:18,886 WARNING Conexión perdida (server rejected WebSocket connection: HTTP 404); reintentando en 5s
2026-08-03 23:09:24,112 WARNING Conexión perdida (server rejected WebSocket connection: HTTP 404); reintentando en 5s
2026-08-03 23:09:29,362 WARNING Conexión perdida (server rejected WebSocket connection: HTTP 404); reintentando en 5s
2026-08-03 23:09:34,579 WARNING Conexión perdida (server rejected WebSocket connection: HTTP 404); reintentando en 5s
2026-08-03 23:09:39,838 WARNING Conexión perdida (server rejected WebSocket connection: HTTP 404); reintentando en 5s
2026-08-03 23:09:45,095 WARNING Conexión perdida (server rejected WebSocket connection: HTTP 404); reintentando en 5s
2026-08-03 23:09:50,361 WARNING Conexión perdida (server rejected WebSocket connection: HTTP 404); reintentando en 5s
2026-08-03 23:09:55,596 WARNING Conexión perdida (server rejected WebSocket connection: HTTP 404); reintentando en 5s
2026-08-03 23:10:00,861 WARNING Conexión perdida (server rejected WebSocket connection: HTTP 404); reintentando en 5s
2026-08-03 23:10:06,101 WARNING Conexión perdida (server rejected WebSocket connection: HTTP 404); reintentando en 5s
2026-08-03 23:10:11,347 WARNING Conexión perdida (server rejected WebSocket connection: HTTP 404); reintentando en 5s
2026-08-03 23:10:16,594 WARNING Conexión perdida (server rejected WebSocket connection: HTTP 404); reintentando en 5s
2026-08-03 23:10:21,828 WARNING Conexión perdida (server rejected WebSocket connection: HTTP 404); reintentando en 5s
2026-08-03 23:10:27,051 WARNING Conexión perdida (server rejected WebSocket connection: HTTP 404); reintentando en 5s
2026-08-03 23:10:32,323 WARNING Conexión perdida (server rejected WebSocket connection: HTTP 404); reintentando en 5s
2026-08-03 23:10:37,566 WARNING Conexión perdida (server rejected WebSocket connection: HTTP 404); reintentando en 5s
2026-08-03 23:10:42,794 WARNING Conexión perdida (server rejected WebSocket connection: HTTP 404); reintentando en 5s
2026-08-03 23:10:48,042 WARNING Conexión perdida (server rejected WebSocket connection: HTTP 404); reintentando en 5s
2026-08-03 23:10:53,293 WARNING Conexión perdida (server rejected WebSocket connection: HTTP 404); reintentando en 5s
2026-08-03 23:10:58,547 WARNING Conexión perdida (server rejected WebSocket connection: HTTP 404); reintentando en 5s
2026-08-03 23:11:03,800 WARNING Conexión perdida (server rejected WebSocket connection: HTTP 404); reintentando en 5s
2026-08-03 23:11:09,046 WARNING Conexión perdida (server rejected WebSocket connection: HTTP 404); reintentando en 5s
2026-08-03 23:11:14,283 WARNING Conexión perdida (server rejected WebSocket connection: HTTP 404); reintentando en 5s
2026-08-03 23:11:19,523 WARNING Conexión perdida (server rejected WebSocket connection: HTTP 404); reintentando en 5s
2026-08-03 23:11:24,752 WARNING Conexión perdida (server rejected WebSocket connection: HTTP 404); reintentando en 5s
2026-08-03 23:11:30,002 WARNING Conexión perdida (server rejected WebSocket connection: HTTP 404); reintentando en 5s
2026-08-03 23:11:35,279 WARNING Conexión perdida (server rejected WebSocket connection: HTTP 404); reintentando en 5s
2026-08-03 23:11:40,526 WARNING Conexión perdida (server rejected WebSocket connection: HTTP 404); reintentando en 5s
2026-08-03 23:11:45,766 WARNING Conexión perdida (server rejected WebSocket connection: HTTP 404); reintentando en 5s
2026-08-03 23:11:51,019 WARNING Conexión perdida (server rejected WebSocket connection: HTTP 404); reintentando en 5s
2026-08-03 23:11:56,275 WARNING Conexión perdida (server rejected WebSocket connection: HTTP 404); reintentando en 5s
2026-08-03 23:12:01,502 WARNING Conexión perdida (server rejected WebSocket connection: HTTP 404); reintentando en 5s
2026-08-03 23:12:06,744 WARNING Conexión perdida (server rejected WebSocket connection: HTTP 404); reintentando en 5s
2026-08-03 23:12:11,969 WARNING Conexión perdida (server rejected WebSocket connection: HTTP 404); reintentando en 5s
2026-08-03 23:12:17,201 WARNING Conexión perdida (server rejected WebSocket connection: HTTP 404); reintentando en 5s
2026-08-03 23:12:22,439 WARNING Conexión perdida (server rejected WebSocket connection: HTTP 404); reintentando en 5s
2026-08-03 23:12:27,701 WARNING Conexión perdida (server rejected WebSocket connection: HTTP 404); reintentando en 5s
2026-08-03 23:12:32,943 WARNING Conexión perdida (server rejected WebSocket connection: HTTP 404); reintentando en 5s
2026-08-03 23:12:38,180 WARNING Conexión perdida (server rejected WebSocket connection: HTTP 404); reintentando en 5s
2026-08-03 23:12:43,437 WARNING Conexión perdida (server rejected WebSocket connection: HTTP 404); reintentando en 5s
2026-08-03 23:12:48,689 WARNING Conexión perdida (server rejected WebSocket connection: HTTP 404); reintentando en 5s
2026-08-03 23:12:53,962 WARNING Conexión perdida (server rejected WebSocket connection: HTTP 404); reintentando en 5s
2026-08-03 23:12:59,202 WARNING Conexión perdida (server rejected WebSocket connection: HTTP 404); reintentando en 5s
2026-08-03 23:13:04,435 WARNING Conexión perdida (server rejected WebSocket connection: HTTP 404); reintentando en 5s
2026-08-03 23:13:09,683 WARNING Conexión perdida (server rejected WebSocket connection: HTTP 404); reintentando en 5s
2026-08-03 23:13:14,927 WARNING Conexión perdida (server rejected WebSocket connection: HTTP 404); reintentando en 5s
2026-08-03 23:13:20,168 WARNING Conexión perdida (server rejected WebSocket connection: HTTP 404); reintentando en 5s
2026-08-03 23:13:25,420 WARNING Conexión perdida (server rejected WebSocket connection: HTTP 404); reintentando en 5s
2026-08-03 23:13:30,671 WARNING Conexión perdida (server rejected WebSocket connection: HTTP 404); reintentando en 5s
2026-08-03 23:13:35,907 WARNING Conexión perdida (server rejected WebSocket connection: HTTP 404); reintentando en 5s
2026-08-03 23:13:41,160 WARNING Conexión perdida (server rejected WebSocket connection: HTTP 404); reintentando en 5s
2026-08-03 23:13:46,431 WARNING Conexión perdida (server rejected WebSocket connection: HTTP 404); reintentando en 5s
2026-08-03 23:13:51,673 WARNING Conexión perdida (server rejected WebSocket connection: HTTP 404); reintentando en 5s
2026-08-03 23:13:56,958 WARNING Conexión perdida (server rejected WebSocket connection: HTTP 404); reintentando en 5s
2026-08-03 23:14:02,213 WARNING Conexión perdida (server rejected WebSocket connection: HTTP 404); reintentando en 5s
2026-08-03 23:14:07,460 WARNING Conexión perdida (server rejected WebSocket connection: HTTP 404); reintentando en 5s
2026-08-03 23:14:12,730 WARNING Conexión perdida (server rejected WebSocket connection: HTTP 404); reintentando en 5s
2026-08-03 23:14:17,969 WARNING Conexión perdida (server rejected WebSocket connection: HTTP 404); reintentando en 5s
2026-08-03 23:14:23,237 WARNING Conexión perdida (server rejected WebSocket connection: HTTP 404); reintentando en 5s
2026-08-03 23:14:28,509 WARNING Conexión perdida (server rejected WebSocket connection: HTTP 404); reintentando en 5s
2026-08-03 23:14:33,770 WARNING Conexión perdida (server rejected WebSocket connection: HTTP 404); reintentando en 5s
2026-08-03 23:14:39,038 WARNING Conexión perdida (server rejected WebSocket connection: HTTP 404); reintentando en 5s
2026-08-03 23:14:44,308 WARNING Conexión perdida (server rejected WebSocket connection: HTTP 404); reintentando en 5s
2026-08-03 23:14:49,576 WARNING Conexión perdida (server rejected WebSocket connection: HTTP 404); reintentando en 5s
2026-08-03 23:14:54,827 WARNING Conexión perdida (server rejected WebSocket connection: HTTP 404); reintentando en 5s
2026-08-03 23:15:00,076 WARNING Conexión perdida (server rejected WebSocket connection: HTTP 404); reintentando en 5s
2026-08-03 23:15:05,319 WARNING Conexión perdida (server rejected WebSocket connection: HTTP 404); reintentando en 5s
2026-08-03 23:15:10,537 WARNING Conexión perdida (server rejected WebSocket connection: HTTP 404); reintentando en 5s
2026-08-03 23:15:15,786 WARNING Conexión perdida (server rejected WebSocket connection: HTTP 404); reintentando en 5s
2026-08-03 23:15:21,029 WARNING Conexión perdida (server rejected WebSocket connection: HTTP 404); reintentando en 5s
2026-08-03 23:15:26,281 WARNING Conexión perdida (server rejected WebSocket connection: HTTP 404); reintentando en 5s
2026-08-03 23:15:31,514 WARNING Conexión perdida (server rejected WebSocket connection: HTTP 404); reintentando en 5s
2026-08-03 23:15:36,775 WARNING Conexión perdida (server rejected WebSocket connection: HTTP 404); reintentando en 5s
2026-08-03 23:15:42,021 WARNING Conexión perdida (server rejected WebSocket connection: HTTP 404); reintentando en 5s
2026-08-03 23:15:47,267 WARNING Conexión perdida (server rejected WebSocket connection: HTTP 404); reintentando en 5s
2026-08-03 23:15:52,493 WARNING Conexión perdida (server rejected WebSocket connection: HTTP 404); reintentando en 5s
2026-08-03 23:15:57,730 WARNING Conexión perdida (server rejected WebSocket connection: HTTP 404); reintentando en 5s
2026-08-03 23:16:02,972 WARNING Conexión perdida (server rejected WebSocket connection: HTTP 404); reintentando en 5s
2026-08-03 23:16:08,207 WARNING Conexión perdida (server rejected WebSocket connection: HTTP 404); reintentando en 5s
2026-08-03 23:16:13,434 WARNING Conexión perdida (server rejected WebSocket connection: HTTP 404); reintentando en 5s
2026-08-03 23:16:18,682 WARNING Conexión perdida (server rejected WebSocket connection: HTTP 404); reintentando en 5s
2026-08-03 23:16:23,920 WARNING Conexión perdida (server rejected WebSocket connection: HTTP 404); reintentando en 5s
2026-08-03 23:16:29,139 WARNING Conexión perdida (server rejected WebSocket connection: HTTP 404); reintentando en 5s
2026-08-03 23:16:34,359 WARNING Conexión perdida (server rejected WebSocket connection: HTTP 404); reintentando en 5s
2026-08-03 23:16:39,591 WARNING Conexión perdida (server rejected WebSocket connection: HTTP 404); reintentando en 5s
2026-08-03 23:16:44,840 WARNING Conexión perdida (server rejected WebSocket connection: HTTP 404); reintentando en 5s
2026-08-03 23:16:50,162 WARNING Conexión perdida (server rejected WebSocket connection: HTTP 404); reintentando en 5s
2026-08-03 23:16:55,391 WARNING Conexión perdida (server rejected WebSocket connection: HTTP 404); reintentando en 5s
2026-08-03 23:17:00,623 WARNING Conexión perdida (server rejected WebSocket connection: HTTP 404); reintentando en 5s
2026-08-03 23:17:05,893 WARNING Conexión perdida (server rejected WebSocket connection: HTTP 404); reintentando en 5s
2026-08-03 23:17:11,127 WARNING Conexión perdida (server rejected WebSocket connection: HTTP 404); reintentando en 5s
2026-08-03 23:17:16,353 WARNING Conexión perdida (server rejected WebSocket connection: HTTP 404); reintentando en 5s
2026-08-03 23:17:21,586 WARNING Conexión perdida (server rejected WebSocket connection: HTTP 404); reintentando en 5s
2026-08-03 23:17:26,814 WARNING Conexión perdida (server rejected WebSocket connection: HTTP 404); reintentando en 5s
2026-08-03 23:17:32,054 WARNING Conexión perdida (server rejected WebSocket connection: HTTP 404); reintentando en 5s
2026-08-03 23:17:37,284 WARNING Conexión perdida (server rejected WebSocket connection: HTTP 404); reintentando en 5s
2026-08-03 23:17:42,515 WARNING Conexión perdida (server rejected WebSocket connection: HTTP 404); reintentando en 5s
2026-08-03 23:17:47,744 WARNING Conexión perdida (server rejected WebSocket connection: HTTP 404); reintentando en 5s
2026-08-03 23:17:52,978 WARNING Conexión perdida (server rejected WebSocket connection: HTTP 404); reintentando en 5s
2026-08-03 23:17:58,222 WARNING Conexión perdida (server rejected WebSocket connection: HTTP 404); reintentando en 5s
2026-08-03 23:18:03,462 WARNING Conexión perdida (server rejected WebSocket connection: HTTP 404); reintentando en 5s
2026-08-03 23:18:08,714 WARNING Conexión perdida (server rejected WebSocket connection: HTTP 404); reintentando en 5s
2026-08-03 23:18:13,960 WARNING Conexión perdida (server rejected WebSocket connection: HTTP 404); reintentando en 5s
2026-08-03 23:18:19,206 WARNING Conexión perdida (server rejected WebSocket connection: HTTP 404); reintentando en 5s
2026-08-03 23:18:24,430 WARNING Conexión perdida (server rejected WebSocket connection: HTTP 404); reintentando en 5s
2026-08-03 23:18:29,659 WARNING Conexión perdida (server rejected WebSocket connection: HTTP 404); reintentando en 5s
2026-08-03 23:18:34,912 WARNING Conexión perdida (server rejected WebSocket connection: HTTP 404); reintentando en 5s
2026-08-03 23:18:40,168 WARNING Conexión perdida (server rejected WebSocket connection: HTTP 404); reintentando en 5s
2026-08-03 23:18:45,404 WARNING Conexión perdida (server rejected WebSocket connection: HTTP 404); reintentando en 5s
2026-08-03 23:18:50,632 WARNING Conexión perdida (server rejected WebSocket connection: HTTP 404); reintentando en 5s
2026-08-03 23:18:55,871 WARNING Conexión perdida (server rejected WebSocket connection: HTTP 404); reintentando en 5s
2026-08-03 23:19:01,093 WARNING Conexión perdida (server rejected WebSocket connection: HTTP 404); reintentando en 5s
2026-08-03 23:19:06,327 WARNING Conexión perdida (server rejected WebSocket connection: HTTP 404); reintentando en 5s
2026-08-03 23:19:11,592 WARNING Conexión perdida (server rejected WebSocket connection: HTTP 404); reintentando en 5s
2026-08-03 23:19:16,846 WARNING Conexión perdida (server rejected WebSocket connection: HTTP 404); reintentando en 5s
2026-08-03 23:19:22,096 WARNING Conexión perdida (server rejected WebSocket connection: HTTP 404); reintentando en 5s
2026-08-03 23:19:27,310 WARNING Conexión perdida (server rejected WebSocket connection: HTTP 404); reintentando en 5s
2026-08-03 23:19:32,529 WARNING Conexión perdida (server rejected WebSocket connection: HTTP 404); reintentando en 5s
2026-08-03 23:19:37,778 WARNING Conexión perdida (server rejected WebSocket connection: HTTP 404); reintentando en 5s
2026-08-03 23:19:43,016 WARNING Conexión perdida (server rejected WebSocket connection: HTTP 404); reintentando en 5s
2026-08-03 23:19:48,268 WARNING Conexión perdida (server rejected WebSocket connection: HTTP 404); reintentando en 5s
2026-08-03 23:19:53,500 WARNING Conexión perdida (server rejected WebSocket connection: HTTP 404); reintentando en 5s
2026-08-03 23:19:58,746 WARNING Conexión perdida (server rejected WebSocket connection: HTTP 404); reintentando en 5s
2026-08-03 23:20:03,981 WARNING Conexión perdida (server rejected WebSocket connection: HTTP 404); reintentando en 5s
2026-08-03 23:20:09,246 WARNING Conexión perdida (server rejected WebSocket connection: HTTP 404); reintentando en 5s
2026-08-03 23:20:14,536 WARNING Conexión perdida (server rejected WebSocket connection: HTTP 404); reintentando en 5s
2026-08-03 23:20:19,778 WARNING Conexión perdida (server rejected WebSocket connection: HTTP 404); reintentando en 5s
2026-08-03 23:20:25,016 WARNING Conexión perdida (server rejected WebSocket connection: HTTP 404); reintentando en 5s
2026-08-03 23:20:30,257 WARNING Conexión perdida (server rejected WebSocket connection: HTTP 404); reintentando en 5s
2026-08-03 23:20:35,496 WARNING Conexión perdida (server rejected WebSocket connection: HTTP 404); reintentando en 5s
2026-08-03 23:20:40,734 WARNING Conexión perdida (server rejected WebSocket connection: HTTP 404); reintentando en 5s
2026-08-03 23:20:45,979 WARNING Conexión perdida (server rejected WebSocket connection: HTTP 404); reintentando en 5s
2026-08-03 23:20:51,221 WARNING Conexión perdida (server rejected WebSocket connection: HTTP 404); reintentando en 5s
2026-08-03 23:20:56,479 WARNING Conexión perdida (server rejected WebSocket connection: HTTP 404); reintentando en 5s
2026-08-03 23:21:01,727 WARNING Conexión perdida (server rejected WebSocket connection: HTTP 404); reintentando en 5s
2026-08-03 23:21:06,957 WARNING Conexión perdida (server rejected WebSocket connection: HTTP 404); reintentando en 5s
2026-08-03 23:21:12,186 WARNING Conexión perdida (server rejected WebSocket connection: HTTP 404); reintentando en 5s
2026-08-03 23:21:17,437 WARNING Conexión perdida (server rejected WebSocket connection: HTTP 404); reintentando en 5s
2026-08-03 23:21:22,676 WARNING Conexión perdida (server rejected WebSocket connection: HTTP 404); reintentando en 5s
2026-08-03 23:21:27,912 WARNING Conexión perdida (server rejected WebSocket connection: HTTP 404); reintentando en 5s
2026-08-03 23:21:33,167 WARNING Conexión perdida (server rejected WebSocket connection: HTTP 404); reintentando en 5s
2026-08-03 23:21:38,411 WARNING Conexión perdida (server rejected WebSocket connection: HTTP 404); reintentando en 5s
2026-08-03 23:21:43,658 WARNING Conexión perdida (server rejected WebSocket connection: HTTP 404); reintentando en 5s
2026-08-03 23:21:48,907 WARNING Conexión perdida (server rejected WebSocket connection: HTTP 404); reintentando en 5s
2026-08-03 23:21:54,178 WARNING Conexión perdida (server rejected WebSocket connection: HTTP 404); reintentando en 5s
2026-08-03 23:21:59,429 WARNING Conexión perdida (server rejected WebSocket connection: HTTP 404); reintentando en 5s
2026-08-03 23:22:04,687 WARNING Conexión perdida (server rejected WebSocket connection: HTTP 404); reintentando en 5s
2026-08-03 23:22:09,946 WARNING Conexión perdida (server rejected WebSocket connection: HTTP 404); reintentando en 5s
2026-08-03 23:22:15,188 WARNING Conexión perdida (server rejected WebSocket connection: HTTP 404); reintentando en 5s
2026-08-03 23:22:20,421 WARNING Conexión perdida (server rejected WebSocket connection: HTTP 404); reintentando en 5s
2026-08-03 23:22:25,646 WARNING Conexión perdida (server rejected WebSocket connection: HTTP 404); reintentando en 5s
2026-08-03 23:22:30,874 WARNING Conexión perdida (server rejected WebSocket connection: HTTP 404); reintentando en 5s
2026-08-03 23:22:36,127 WARNING Conexión perdida (server rejected WebSocket connection: HTTP 404); reintentando en 5s
2026-08-03 23:22:41,362 WARNING Conexión perdida (server rejected WebSocket connection: HTTP 404); reintentando en 5s
2026-08-03 23:22:46,611 WARNING Conexión perdida (server rejected WebSocket connection: HTTP 404); reintentando en 5s
2026-08-03 23:22:51,846 WARNING Conexión perdida (server rejected WebSocket connection: HTTP 404); reintentando en 5s
2026-08-03 23:22:57,095 WARNING Conexión perdida (server rejected WebSocket connection: HTTP 404); reintentando en 5s
2026-08-03 23:23:02,338 WARNING Conexión perdida (server rejected WebSocket connection: HTTP 404); reintentando en 5s
2026-08-03 23:23:07,579 WARNING Conexión perdida (server rejected WebSocket connection: HTTP 404); reintentando en 5s
2026-08-03 23:23:12,813 WARNING Conexión perdida (server rejected WebSocket connection: HTTP 404); reintentando en 5s
2026-08-03 23:23:18,045 WARNING Conexión perdida (server rejected WebSocket connection: HTTP 404); reintentando en 5s
2026-08-03 23:23:23,294 WARNING Conexión perdida (server rejected WebSocket connection: HTTP 404); reintentando en 5s
2026-08-03 23:23:28,545 WARNING Conexión perdida (server rejected WebSocket connection: HTTP 404); reintentando en 5s
2026-08-03 23:23:33,767 WARNING Conexión perdida (server rejected WebSocket connection: HTTP 404); reintentando en 5s
2026-08-03 23:23:39,031 WARNING Conexión perdida (server rejected WebSocket connection: HTTP 404); reintentando en 5s
2026-08-03 23:23:44,304 WARNING Conexión perdida (server rejected WebSocket connection: HTTP 404); reintentando en 5s
2026-08-03 23:23:49,537 WARNING Conexión perdida (server rejected WebSocket connection: HTTP 404); reintentando en 5s
2026-08-03 23:23:54,767 WARNING Conexión perdida (server rejected WebSocket connection: HTTP 404); reintentando en 5s
2026-08-03 23:24:00,014 WARNING Conexión perdida (server rejected WebSocket connection: HTTP 404); reintentando en 5s
2026-08-03 23:24:05,259 WARNING Conexión perdida (server rejected WebSocket connection: HTTP 404); reintentando en 5s
2026-08-03 23:24:10,498 WARNING Conexión perdida (server rejected WebSocket connection: HTTP 404); reintentando en 5s
2026-08-03 23:24:15,749 WARNING Conexión perdida (server rejected WebSocket connection: HTTP 404); reintentando en 5s
2026-08-03 23:24:20,987 WARNING Conexión perdida (server rejected WebSocket connection: HTTP 404); reintentando en 5s
2026-08-03 23:24:26,259 WARNING Conexión perdida (server rejected WebSocket connection: HTTP 404); reintentando en 5s
2026-08-03 23:24:31,487 WARNING Conexión perdida (server rejected WebSocket connection: HTTP 404); reintentando en 5s
2026-08-03 23:24:36,727 WARNING Conexión perdida (server rejected WebSocket connection: HTTP 404); reintentando en 5s
2026-08-03 23:24:41,982 WARNING Conexión perdida (server rejected WebSocket connection: HTTP 404); reintentando en 5s
2026-08-03 23:24:47,226 WARNING Conexión perdida (server rejected WebSocket connection: HTTP 404); reintentando en 5s
2026-08-03 23:24:52,479 WARNING Conexión perdida (server rejected WebSocket connection: HTTP 404); reintentando en 5s
2026-08-03 23:24:57,729 WARNING Conexión perdida (server rejected WebSocket connection: HTTP 404); reintentando en 5s
2026-08-03 23:25:02,971 WARNING Conexión perdida (server rejected WebSocket connection: HTTP 404); reintentando en 5s
2026-08-03 23:25:08,197 WARNING Conexión perdida (server rejected WebSocket connection: HTTP 404); reintentando en 5s
2026-08-03 23:25:13,446 WARNING Conexión perdida (server rejected WebSocket connection: HTTP 404); reintentando en 5s
2026-08-03 23:25:18,671 WARNING Conexión perdida (server rejected WebSocket connection: HTTP 404); reintentando en 5s
2026-08-03 23:25:23,913 WARNING Conexión perdida (server rejected WebSocket connection: HTTP 404); reintentando en 5s
2026-08-03 23:25:29,196 WARNING Conexión perdida (server rejected WebSocket connection: HTTP 404); reintentando en 5s
2026-08-03 23:25:34,442 WARNING Conexión perdida (server rejected WebSocket connection: HTTP 404); reintentando en 5s
2026-08-03 23:25:39,686 WARNING Conexión perdida (server rejected WebSocket connection: HTTP 404); reintentando en 5s
2026-08-03 23:25:44,937 WARNING Conexión perdida (server rejected WebSocket connection: HTTP 404); reintentando en 5s
2026-08-03 23:25:50,153 WARNING Conexión perdida (server rejected WebSocket connection: HTTP 404); reintentando en 5s
2026-08-03 23:25:55,418 WARNING Conexión perdida (server rejected WebSocket connection: HTTP 404); reintentando en 5s
2026-08-03 23:26:00,646 WARNING Conexión perdida (server rejected WebSocket connection: HTTP 404); reintentando en 5s
2026-08-03 23:26:05,894 WARNING Conexión perdida (server rejected WebSocket connection: HTTP 404); reintentando en 5s
2026-08-03 23:26:11,139 WARNING Conexión perdida (server rejected WebSocket connection: HTTP 404); reintentando en 5s
2026-08-03 23:26:16,366 WARNING Conexión perdida (server rejected WebSocket connection: HTTP 404); reintentando en 5s
2026-08-03 23:26:21,618 WARNING Conexión perdida (server rejected WebSocket connection: HTTP 404); reintentando en 5s
2026-08-03 23:26:26,854 WARNING Conexión perdida (server rejected WebSocket connection: HTTP 404); reintentando en 5s
2026-08-03 23:26:32,105 WARNING Conexión perdida (server rejected WebSocket connection: HTTP 404); reintentando en 5s
2026-08-03 23:26:37,350 WARNING Conexión perdida (server rejected WebSocket connection: HTTP 404); reintentando en 5s
2026-08-03 23:26:42,598 WARNING Conexión perdida (server rejected WebSocket connection: HTTP 404); reintentando en 5s
2026-08-03 23:26:47,824 WARNING Conexión perdida (server rejected WebSocket connection: HTTP 404); reintentando en 5s
2026-08-03 23:26:53,053 WARNING Conexión perdida (server rejected WebSocket connection: HTTP 404); reintentando en 5s
2026-08-03 23:26:58,308 WARNING Conexión perdida (server rejected WebSocket connection: HTTP 404); reintentando en 5s
2026-08-03 23:27:03,520 WARNING Conexión perdida (server rejected WebSocket connection: HTTP 404); reintentando en 5s
2026-08-03 23:27:08,766 WARNING Conexión perdida (server rejected WebSocket connection: HTTP 404); reintentando en 5s
2026-08-03 23:27:13,996 WARNING Conexión perdida (server rejected WebSocket connection: HTTP 404); reintentando en 5s
2026-08-03 23:27:19,244 WARNING Conexión perdida (server rejected WebSocket connection: HTTP 404); reintentando en 5s
2026-08-03 23:27:24,475 WARNING Conexión perdida (server rejected WebSocket connection: HTTP 404); reintentando en 5s
2026-08-03 23:27:29,708 WARNING Conexión perdida (server rejected WebSocket connection: HTTP 404); reintentando en 5s
2026-08-03 23:27:34,969 WARNING Conexión perdida (server rejected WebSocket connection: HTTP 404); reintentando en 5s
2026-08-03 23:27:40,220 WARNING Conexión perdida (server rejected WebSocket connection: HTTP 404); reintentando en 5s
2026-08-03 23:27:45,458 WARNING Conexión perdida (server rejected WebSocket connection: HTTP 404); reintentando en 5s
2026-08-03 23:27:50,702 WARNING Conexión perdida (server rejected WebSocket connection: HTTP 404); reintentando en 5s
2026-08-03 23:27:55,956 WARNING Conexión perdida (server rejected WebSocket connection: HTTP 404); reintentando en 5s
2026-08-03 23:28:01,187 WARNING Conexión perdida (server rejected WebSocket connection: HTTP 404); reintentando en 5s
2026-08-03 23:28:06,430 WARNING Conexión perdida (server rejected WebSocket connection: HTTP 404); reintentando en 5s
2026-08-03 23:28:11,693 WARNING Conexión perdida (server rejected WebSocket connection: HTTP 404); reintentando en 5s
2026-08-03 23:28:16,937 WARNING Conexión perdida (server rejected WebSocket connection: HTTP 404); reintentando en 5s
2026-08-03 23:28:22,180 WARNING Conexión perdida (server rejected WebSocket connection: HTTP 404); reintentando en 5s
2026-08-03 23:28:27,421 WARNING Conexión perdida (server rejected WebSocket connection: HTTP 404); reintentando en 5s
2026-08-03 23:28:32,658 WARNING Conexión perdida (server rejected WebSocket connection: HTTP 404); reintentando en 5s
2026-08-03 23:28:37,923 WARNING Conexión perdida (server rejected WebSocket connection: HTTP 404); reintentando en 5s
2026-08-03 23:28:43,183 WARNING Conexión perdida (server rejected WebSocket connection: HTTP 404); reintentando en 5s
2026-08-03 23:28:48,431 WARNING Conexión perdida (server rejected WebSocket connection: HTTP 404); reintentando en 5s
2026-08-03 23:28:53,687 WARNING Conexión perdida (server rejected WebSocket connection: HTTP 404); reintentando en 5s
2026-08-03 23:28:58,941 WARNING Conexión perdida (server rejected WebSocket connection: HTTP 404); reintentando en 5s
2026-08-03 23:29:04,199 WARNING Conexión perdida (server rejected WebSocket connection: HTTP 404); reintentando en 5s
2026-08-03 23:29:09,455 WARNING Conexión perdida (server rejected WebSocket connection: HTTP 404); reintentando en 5s
2026-08-03 23:29:14,682 WARNING Conexión perdida (server rejected WebSocket connection: HTTP 404); reintentando en 5s
2026-08-03 23:29:19,940 WARNING Conexión perdida (server rejected WebSocket connection: HTTP 404); reintentando en 5s
2026-08-03 23:29:25,194 WARNING Conexión perdida (server rejected WebSocket connection: HTTP 404); reintentando en 5s
2026-08-03 23:29:30,449 WARNING Conexión perdida (server rejected WebSocket connection: HTTP 404); reintentando en 5s
2026-08-03 23:29:35,671 WARNING Conexión perdida (server rejected WebSocket connection: HTTP 404); reintentando en 5s
2026-08-03 23:29:40,918 WARNING Conexión perdida (server rejected WebSocket connection: HTTP 404); reintentando en 5s
2026-08-03 23:29:46,161 WARNING Conexión perdida (server rejected WebSocket connection: HTTP 404); reintentando en 5s
2026-08-03 23:29:51,411 WARNING Conexión perdida (server rejected WebSocket connection: HTTP 404); reintentando en 5s
2026-08-03 23:29:56,660 WARNING Conexión perdida (server rejected WebSocket connection: HTTP 404); reintentando en 5s
2026-08-03 23:30:01,924 WARNING Conexión perdida (server rejected WebSocket connection: HTTP 404); reintentando en 5s
2026-08-03 23:30:07,154 WARNING Conexión perdida (server rejected WebSocket connection: HTTP 404); reintentando en 5s
2026-08-03 23:30:12,378 WARNING Conexión perdida (server rejected WebSocket connection: HTTP 404); reintentando en 5s
2026-08-03 23:30:17,614 WARNING Conexión perdida (server rejected WebSocket connection: HTTP 404); reintentando en 5s
2026-08-03 23:30:22,852 WARNING Conexión perdida (server rejected WebSocket connection: HTTP 404); reintentando en 5s
2026-08-03 23:30:28,096 WARNING Conexión perdida (server rejected WebSocket connection: HTTP 404); reintentando en 5s
2026-08-03 23:30:33,344 WARNING Conexión perdida (server rejected WebSocket connection: HTTP 404); reintentando en 5s
2026-08-03 23:30:38,568 WARNING Conexión perdida (server rejected WebSocket connection: HTTP 404); reintentando en 5s
2026-08-03 23:30:43,820 WARNING Conexión perdida (server rejected WebSocket connection: HTTP 404); reintentando en 5s
2026-08-03 23:30:49,079 WARNING Conexión perdida (server rejected WebSocket connection: HTTP 404); reintentando en 5s
2026-08-03 23:30:54,326 WARNING Conexión perdida (server rejected WebSocket connection: HTTP 404); reintentando en 5s
2026-08-03 23:30:59,568 WARNING Conexión perdida (server rejected WebSocket connection: HTTP 404); reintentando en 5s
2026-08-03 23:31:04,790 WARNING Conexión perdida (server rejected WebSocket connection: HTTP 404); reintentando en 5s
2026-08-03 23:31:10,036 WARNING Conexión perdida (server rejected WebSocket connection: HTTP 404); reintentando en 5s
2026-08-03 23:31:15,281 WARNING Conexión perdida (server rejected WebSocket connection: HTTP 404); reintentando en 5s
2026-08-03 23:31:20,496 WARNING Conexión perdida (server rejected WebSocket connection: HTTP 404); reintentando en 5s
2026-08-03 23:31:25,716 WARNING Conexión perdida (server rejected WebSocket connection: HTTP 404); reintentando en 5s
2026-08-03 23:31:30,950 WARNING Conexión perdida (server rejected WebSocket connection: HTTP 404); reintentando en 5s
2026-08-03 23:31:36,197 WARNING Conexión perdida (server rejected WebSocket connection: HTTP 404); reintentando en 5s
2026-08-03 23:31:41,416 WARNING Conexión perdida (server rejected WebSocket connection: HTTP 404); reintentando en 5s
2026-08-03 23:31:46,686 WARNING Conexión perdida (server rejected WebSocket connection: HTTP 404); reintentando en 5s
2026-08-03 23:31:51,942 WARNING Conexión perdida (server rejected WebSocket connection: HTTP 404); reintentando en 5s
2026-08-03 23:31:57,192 WARNING Conexión perdida (server rejected WebSocket connection: HTTP 404); reintentando en 5s
2026-08-03 23:32:02,426 WARNING Conexión perdida (server rejected WebSocket connection: HTTP 404); reintentando en 5s
2026-08-03 23:32:07,672 WARNING Conexión perdida (server rejected WebSocket connection: HTTP 404); reintentando en 5s
2026-08-03 23:32:12,903 WARNING Conexión perdida (server rejected WebSocket connection: HTTP 404); reintentando en 5s
2026-08-03 23:32:18,146 WARNING Conexión perdida (server rejected WebSocket connection: HTTP 404); reintentando en 5s
2026-08-03 23:32:23,397 WARNING Conexión perdida (server rejected WebSocket connection: HTTP 404); reintentando en 5s
2026-08-03 23:32:28,631 WARNING Conexión perdida (server rejected WebSocket connection: HTTP 404); reintentando en 5s
2026-08-03 23:32:33,863 WARNING Conexión perdida (server rejected WebSocket connection: HTTP 404); reintentando en 5s
2026-08-03 23:32:39,095 WARNING Conexión perdida (server rejected WebSocket connection: HTTP 404); reintentando en 5s
2026-08-03 23:32:44,331 WARNING Conexión perdida (server rejected WebSocket connection: HTTP 404); reintentando en 5s
2026-08-03 23:32:49,587 WARNING Conexión perdida (server rejected WebSocket connection: HTTP 404); reintentando en 5s
2026-08-03 23:32:54,813 WARNING Conexión perdida (server rejected WebSocket connection: HTTP 404); reintentando en 5s
2026-08-03 23:33:00,042 WARNING Conexión perdida (server rejected WebSocket connection: HTTP 404); reintentando en 5s
2026-08-03 23:33:05,293 WARNING Conexión perdida (server rejected WebSocket connection: HTTP 404); reintentando en 5s
2026-08-03 23:33:10,519 WARNING Conexión perdida (server rejected WebSocket connection: HTTP 404); reintentando en 5s
2026-08-03 23:33:15,754 WARNING Conexión perdida (server rejected WebSocket connection: HTTP 404); reintentando en 5s
2026-08-03 23:33:20,987 WARNING Conexión perdida (server rejected WebSocket connection: HTTP 404); reintentando en 5s
2026-08-03 23:33:26,216 WARNING Conexión perdida (server rejected WebSocket connection: HTTP 404); reintentando en 5s
2026-08-03 23:33:31,449 WARNING Conexión perdida (server rejected WebSocket connection: HTTP 404); reintentando en 5s
2026-08-03 23:33:36,675 WARNING Conexión perdida (server rejected WebSocket connection: HTTP 404); reintentando en 5s
2026-08-03 23:33:41,930 WARNING Conexión perdida (server rejected WebSocket connection: HTTP 404); reintentando en 5s
2026-08-03 23:33:47,156 WARNING Conexión perdida (server rejected WebSocket connection: HTTP 404); reintentando en 5s
2026-08-03 23:33:52,423 WARNING Conexión perdida (server rejected WebSocket connection: HTTP 404); reintentando en 5s
2026-08-03 23:33:57,670 WARNING Conexión perdida (server rejected WebSocket connection: HTTP 404); reintentando en 5s
2026-08-03 23:34:02,889 WARNING Conexión perdida (server rejected WebSocket connection: HTTP 404); reintentando en 5s
2026-08-03 23:34:08,112 WARNING Conexión perdida (server rejected WebSocket connection: HTTP 404); reintentando en 5s
2026-08-03 23:34:13,363 WARNING Conexión perdida (server rejected WebSocket connection: HTTP 404); reintentando en 5s
2026-08-03 23:34:18,604 WARNING Conexión perdida (server rejected WebSocket connection: HTTP 404); reintentando en 5s
2026-08-03 23:34:23,849 WARNING Conexión perdida (server rejected WebSocket connection: HTTP 404); reintentando en 5s
2026-08-03 23:34:29,108 WARNING Conexión perdida (server rejected WebSocket connection: HTTP 404); reintentando en 5s
2026-08-03 23:34:34,379 WARNING Conexión perdida (server rejected WebSocket connection: HTTP 404); reintentando en 5s
2026-08-03 23:34:39,621 WARNING Conexión perdida (server rejected WebSocket connection: HTTP 404); reintentando en 5s
2026-08-03 23:34:44,873 WARNING Conexión perdida (server rejected WebSocket connection: HTTP 404); reintentando en 5s
2026-08-03 23:34:50,131 WARNING Conexión perdida (server rejected WebSocket connection: HTTP 404); reintentando en 5s
2026-08-03 23:34:55,403 WARNING Conexión perdida (server rejected WebSocket connection: HTTP 404); reintentando en 5s
2026-08-03 23:35:00,636 WARNING Conexión perdida (server rejected WebSocket connection: HTTP 404); reintentando en 5s
2026-08-03 23:35:05,866 WARNING Conexión perdida (server rejected WebSocket connection: HTTP 404); reintentando en 5s
2026-08-03 23:35:11,103 WARNING Conexión perdida (server rejected WebSocket connection: HTTP 404); reintentando en 5s
2026-08-03 23:35:16,348 WARNING Conexión perdida (server rejected WebSocket connection: HTTP 404); reintentando en 5s
2026-08-03 23:35:21,570 WARNING Conexión perdida (server rejected WebSocket connection: HTTP 404); reintentando en 5s
2026-08-03 23:35:26,800 WARNING Conexión perdida (server rejected WebSocket connection: HTTP 404); reintentando en 5s
2026-08-03 23:35:32,049 WARNING Conexión perdida (server rejected WebSocket connection: HTTP 404); reintentando en 5s
2026-08-03 23:35:37,300 WARNING Conexión perdida (server rejected WebSocket connection: HTTP 404); reintentando en 5s
2026-08-03 23:35:42,547 WARNING Conexión perdida (server rejected WebSocket connection: HTTP 404); reintentando en 5s
2026-08-03 23:35:47,778 WARNING Conexión perdida (server rejected WebSocket connection: HTTP 404); reintentando en 5s
2026-08-03 23:35:53,001 WARNING Conexión perdida (server rejected WebSocket connection: HTTP 404); reintentando en 5s
2026-08-03 23:35:58,271 WARNING Conexión perdida (server rejected WebSocket connection: HTTP 404); reintentando en 5s
2026-08-03 23:36:03,501 WARNING Conexión perdida (server rejected WebSocket connection: HTTP 404); reintentando en 5s
2026-08-03 23:36:08,729 WARNING Conexión perdida (server rejected WebSocket connection: HTTP 404); reintentando en 5s
2026-08-03 23:36:13,957 WARNING Conexión perdida (server rejected WebSocket connection: HTTP 404); reintentando en 5s
2026-08-03 23:36:19,198 WARNING Conexión perdida (server rejected WebSocket connection: HTTP 404); reintentando en 5s
2026-08-03 23:36:24,439 WARNING Conexión perdida (server rejected WebSocket connection: HTTP 404); reintentando en 5s
2026-08-03 23:36:29,687 WARNING Conexión perdida (server rejected WebSocket connection: HTTP 404); reintentando en 5s
2026-08-03 23:36:34,936 WARNING Conexión perdida (server rejected WebSocket connection: HTTP 404); reintentando en 5s
2026-08-03 23:36:40,186 WARNING Conexión perdida (server rejected WebSocket connection: HTTP 404); reintentando en 5s
2026-08-03 23:36:45,416 WARNING Conexión perdida (server rejected WebSocket connection: HTTP 404); reintentando en 5s
2026-08-03 23:36:50,676 WARNING Conexión perdida (server rejected WebSocket connection: HTTP 404); reintentando en 5s
2026-08-03 23:36:55,909 WARNING Conexión perdida (server rejected WebSocket connection: HTTP 404); reintentando en 5s
2026-08-03 23:37:01,176 WARNING Conexión perdida (server rejected WebSocket connection: HTTP 404); reintentando en 5s
2026-08-03 23:37:06,417 WARNING Conexión perdida (server rejected WebSocket connection: HTTP 404); reintentando en 5s
2026-08-03 23:37:11,650 WARNING Conexión perdida (server rejected WebSocket connection: HTTP 404); reintentando en 5s
2026-08-03 23:37:16,902 WARNING Conexión perdida (server rejected WebSocket connection: HTTP 404); reintentando en 5s
2026-08-03 23:37:22,155 WARNING Conexión perdida (server rejected WebSocket connection: HTTP 404); reintentando en 5s
2026-08-03 23:37:27,398 WARNING Conexión perdida (server rejected WebSocket connection: HTTP 404); reintentando en 5s
2026-08-03 23:37:32,632 WARNING Conexión perdida (server rejected WebSocket connection: HTTP 404); reintentando en 5s
2026-08-03 23:37:37,862 WARNING Conexión perdida (server rejected WebSocket connection: HTTP 404); reintentando en 5s
2026-08-03 23:37:43,097 WARNING Conexión perdida (server rejected WebSocket connection: HTTP 404); reintentando en 5s
2026-08-03 23:37:48,330 WARNING Conexión perdida (server rejected WebSocket connection: HTTP 404); reintentando en 5s
2026-08-03 23:37:53,563 WARNING Conexión perdida (server rejected WebSocket connection: HTTP 404); reintentando en 5s
2026-08-03 23:37:58,789 WARNING Conexión perdida (server rejected WebSocket connection: HTTP 404); reintentando en 5s
2026-08-03 23:38:04,021 WARNING Conexión perdida (server rejected WebSocket connection: HTTP 404); reintentando en 5s
2026-08-03 23:38:09,283 WARNING Conexión perdida (server rejected WebSocket connection: HTTP 404); reintentando en 5s
2026-08-03 23:38:14,523 WARNING Conexión perdida (server rejected WebSocket connection: HTTP 404); reintentando en 5s
2026-08-03 23:38:19,750 WARNING Conexión perdida (server rejected WebSocket connection: HTTP 404); reintentando en 5s
2026-08-03 23:38:24,990 WARNING Conexión perdida (server rejected WebSocket connection: HTTP 404); reintentando en 5s
2026-08-03 23:38:30,222 WARNING Conexión perdida (server rejected WebSocket connection: HTTP 404); reintentando en 5s
2026-08-03 23:38:35,451 WARNING Conexión perdida (server rejected WebSocket connection: HTTP 404); reintentando en 5s
2026-08-03 23:38:40,695 WARNING Conexión perdida (server rejected WebSocket connection: HTTP 404); reintentando en 5s
2026-08-03 23:38:45,932 WARNING Conexión perdida (server rejected WebSocket connection: HTTP 404); reintentando en 5s
2026-08-03 23:38:51,163 WARNING Conexión perdida (server rejected WebSocket connection: HTTP 404); reintentando en 5s
2026-08-03 23:38:56,381 WARNING Conexión perdida (server rejected WebSocket connection: HTTP 404); reintentando en 5s
2026-08-03 23:39:01,611 WARNING Conexión perdida (server rejected WebSocket connection: HTTP 404); reintentando en 5s
2026-08-03 23:39:06,871 WARNING Conexión perdida (server rejected WebSocket connection: HTTP 404); reintentando en 5s
2026-08-03 23:39:12,102 WARNING Conexión perdida (server rejected WebSocket connection: HTTP 404); reintentando en 5s
2026-08-03 23:39:17,342 WARNING Conexión perdida (server rejected WebSocket connection: HTTP 404); reintentando en 5s
2026-08-03 23:39:22,849 WARNING Conexión perdida (server rejected WebSocket connection: HTTP 404); reintentando en 5s
2026-08-03 23:39:28,090 WARNING Conexión perdida (server rejected WebSocket connection: HTTP 404); reintentando en 5s
2026-08-03 23:39:33,326 WARNING Conexión perdida (server rejected WebSocket connection: HTTP 404); reintentando en 5s
2026-08-03 23:39:38,563 WARNING Conexión perdida (server rejected WebSocket connection: HTTP 404); reintentando en 5s
2026-08-03 23:39:43,793 WARNING Conexión perdida (server rejected WebSocket connection: HTTP 404); reintentando en 5s
2026-08-03 23:39:49,054 WARNING Conexión perdida (server rejected WebSocket connection: HTTP 404); reintentando en 5s
2026-08-03 23:39:54,294 WARNING Conexión perdida (server rejected WebSocket connection: HTTP 404); reintentando en 5s
2026-08-03 23:39:59,572 WARNING Conexión perdida (server rejected WebSocket connection: HTTP 404); reintentando en 5s
2026-08-03 23:40:04,828 WARNING Conexión perdida (server rejected WebSocket connection: HTTP 404); reintentando en 5s
2026-08-03 23:40:10,091 WARNING Conexión perdida (server rejected WebSocket connection: HTTP 404); reintentando en 5s
2026-08-03 23:40:15,345 WARNING Conexión perdida (server rejected WebSocket connection: HTTP 404); reintentando en 5s
2026-08-03 23:40:20,586 WARNING Conexión perdida (server rejected WebSocket connection: HTTP 404); reintentando en 5s
2026-08-03 23:40:25,834 WARNING Conexión perdida (server rejected WebSocket connection: HTTP 404); reintentando en 5s
2026-08-03 23:40:31,076 WARNING Conexión perdida (server rejected WebSocket connection: HTTP 404); reintentando en 5s
2026-08-03 23:40:36,339 WARNING Conexión perdida (server rejected WebSocket connection: HTTP 404); reintentando en 5s
2026-08-03 23:40:41,581 WARNING Conexión perdida (server rejected WebSocket connection: HTTP 404); reintentando en 5s
2026-08-03 23:40:46,830 WARNING Conexión perdida (server rejected WebSocket connection: HTTP 404); reintentando en 5s
2026-08-03 23:40:52,082 WARNING Conexión perdida (server rejected WebSocket connection: HTTP 404); reintentando en 5s
2026-08-03 23:40:57,317 WARNING Conexión perdida (server rejected WebSocket connection: HTTP 404); reintentando en 5s
2026-08-03 23:41:02,571 WARNING Conexión perdida (server rejected WebSocket connection: HTTP 404); reintentando en 5s
2026-08-03 23:41:07,816 WARNING Conexión perdida (server rejected WebSocket connection: HTTP 404); reintentando en 5s
2026-08-03 23:41:13,088 WARNING Conexión perdida (server rejected WebSocket connection: HTTP 404); reintentando en 5s
2026-08-03 23:41:18,356 WARNING Conexión perdida (server rejected WebSocket connection: HTTP 404); reintentando en 5s
2026-08-03 23:41:23,589 WARNING Conexión perdida (server rejected WebSocket connection: HTTP 404); reintentando en 5s
2026-08-03 23:41:28,828 WARNING Conexión perdida (server rejected WebSocket connection: HTTP 404); reintentando en 5s
2026-08-03 23:41:34,083 WARNING Conexión perdida (server rejected WebSocket connection: HTTP 404); reintentando en 5s
2026-08-03 23:41:39,322 WARNING Conexión perdida (server rejected WebSocket connection: HTTP 404); reintentando en 5s
2026-08-03 23:41:44,563 WARNING Conexión perdida (server rejected WebSocket connection: HTTP 404); reintentando en 5s
2026-08-03 23:41:49,800 WARNING Conexión perdida (server rejected WebSocket connection: HTTP 404); reintentando en 5s
2026-08-03 23:41:55,054 WARNING Conexión perdida (server rejected WebSocket connection: HTTP 404); reintentando en 5s
2026-08-03 23:42:00,292 WARNING Conexión perdida (server rejected WebSocket connection: HTTP 404); reintentando en 5s
2026-08-03 23:42:05,540 WARNING Conexión perdida (server rejected WebSocket connection: HTTP 404); reintentando en 5s
2026-08-03 23:42:10,781 WARNING Conexión perdida (server rejected WebSocket connection: HTTP 404); reintentando en 5s
2026-08-03 23:42:16,048 WARNING Conexión perdida (server rejected WebSocket connection: HTTP 404); reintentando en 5s
2026-08-03 23:42:21,267 WARNING Conexión perdida (server rejected WebSocket connection: HTTP 404); reintentando en 5s
2026-08-03 23:42:26,506 WARNING Conexión perdida (server rejected WebSocket connection: HTTP 404); reintentando en 5s
2026-08-03 23:42:31,743 WARNING Conexión perdida (server rejected WebSocket connection: HTTP 404); reintentando en 5s
2026-08-03 23:42:37,001 WARNING Conexión perdida (server rejected WebSocket connection: HTTP 404); reintentando en 5s
2026-08-03 23:42:42,254 WARNING Conexión perdida (server rejected WebSocket connection: HTTP 404); reintentando en 5s
2026-08-03 23:42:47,505 WARNING Conexión perdida (server rejected WebSocket connection: HTTP 404); reintentando en 5s
2026-08-03 23:42:52,758 WARNING Conexión perdida (server rejected WebSocket connection: HTTP 404); reintentando en 5s
2026-08-03 23:42:57,994 WARNING Conexión perdida (server rejected WebSocket connection: HTTP 404); reintentando en 5s
2026-08-03 23:43:03,224 WARNING Conexión perdida (server rejected WebSocket connection: HTTP 404); reintentando en 5s
2026-08-03 23:43:08,481 WARNING Conexión perdida (server rejected WebSocket connection: HTTP 404); reintentando en 5s
2026-08-03 23:43:13,716 WARNING Conexión perdida (server rejected WebSocket connection: HTTP 404); reintentando en 5s
2026-08-03 23:43:19,002 WARNING Conexión perdida (server rejected WebSocket connection: HTTP 404); reintentando en 5s
2026-08-03 23:43:24,241 WARNING Conexión perdida (server rejected WebSocket connection: HTTP 404); reintentando en 5s
2026-08-03 23:43:29,479 WARNING Conexión perdida (server rejected WebSocket connection: HTTP 404); reintentando en 5s
2026-08-03 23:43:34,709 WARNING Conexión perdida (server rejected WebSocket connection: HTTP 404); reintentando en 5s
2026-08-03 23:43:39,942 WARNING Conexión perdida (server rejected WebSocket connection: HTTP 404); reintentando en 5s
2026-08-03 23:43:45,177 WARNING Conexión perdida (server rejected WebSocket connection: HTTP 404); reintentando en 5s
2026-08-03 23:43:50,417 WARNING Conexión perdida (server rejected WebSocket connection: HTTP 404); reintentando en 5s
2026-08-03 23:43:55,673 WARNING Conexión perdida (server rejected WebSocket connection: HTTP 404); reintentando en 5s
2026-08-03 23:44:00,916 WARNING Conexión perdida (server rejected WebSocket connection: HTTP 404); reintentando en 5s
2026-08-03 23:44:06,143 WARNING Conexión perdida (server rejected WebSocket connection: HTTP 404); reintentando en 5s
2026-08-03 23:44:11,400 WARNING Conexión perdida (server rejected WebSocket connection: HTTP 404); reintentando en 5s
2026-08-03 23:44:16,650 WARNING Conexión perdida (server rejected WebSocket connection: HTTP 404); reintentando en 5s
2026-08-03 23:44:21,917 WARNING Conexión perdida (server rejected WebSocket connection: HTTP 404); reintentando en 5s
2026-08-03 23:44:27,157 WARNING Conexión perdida (server rejected WebSocket connection: HTTP 404); reintentando en 5s
2026-08-03 23:44:32,406 WARNING Conexión perdida (server rejected WebSocket connection: HTTP 404); reintentando en 5s
2026-08-03 23:44:37,670 WARNING Conexión perdida (server rejected WebSocket connection: HTTP 404); reintentando en 5s
2026-08-03 23:44:42,938 WARNING Conexión perdida (server rejected WebSocket connection: HTTP 404); reintentando en 5s
2026-08-03 23:44:48,171 WARNING Conexión perdida (server rejected WebSocket connection: HTTP 404); reintentando en 5s
2026-08-03 23:44:53,456 WARNING Conexión perdida (server rejected WebSocket connection: HTTP 404); reintentando en 5s
2026-08-03 23:44:58,702 WARNING Conexión perdida (server rejected WebSocket connection: HTTP 404); reintentando en 5s
2026-08-03 23:45:03,948 WARNING Conexión perdida (server rejected WebSocket connection: HTTP 404); reintentando en 5s
2026-08-03 23:45:09,190 WARNING Conexión perdida (server rejected WebSocket connection: HTTP 404); reintentando en 5s
2026-08-03 23:45:14,435 WARNING Conexión perdida (server rejected WebSocket connection: HTTP 404); reintentando en 5s
2026-08-03 23:45:19,675 WARNING Conexión perdida (server rejected WebSocket connection: HTTP 404); reintentando en 5s
2026-08-03 23:45:24,941 WARNING Conexión perdida (server rejected WebSocket connection: HTTP 404); reintentando en 5s
2026-08-03 23:45:30,171 WARNING Conexión perdida (server rejected WebSocket connection: HTTP 404); reintentando en 5s
2026-08-03 23:45:35,430 WARNING Conexión perdida (server rejected WebSocket connection: HTTP 404); reintentando en 5s
2026-08-03 23:45:40,682 WARNING Conexión perdida (server rejected WebSocket connection: HTTP 404); reintentando en 5s
2026-08-03 23:45:45,931 WARNING Conexión perdida (server rejected WebSocket connection: HTTP 404); reintentando en 5s
2026-08-03 23:45:51,178 WARNING Conexión perdida (server rejected WebSocket connection: HTTP 404); reintentando en 5s
2026-08-03 23:45:56,421 WARNING Conexión perdida (server rejected WebSocket connection: HTTP 404); reintentando en 5s
2026-08-03 23:46:01,670 WARNING Conexión perdida (server rejected WebSocket connection: HTTP 404); reintentando en 5s
2026-08-03 23:46:06,923 WARNING Conexión perdida (server rejected WebSocket connection: HTTP 404); reintentando en 5s
2026-08-03 23:46:12,160 WARNING Conexión perdida (server rejected WebSocket connection: HTTP 404); reintentando en 5s
2026-08-03 23:46:17,403 WARNING Conexión perdida (server rejected WebSocket connection: HTTP 404); reintentando en 5s
2026-08-03 23:46:22,646 WARNING Conexión perdida (server rejected WebSocket connection: HTTP 404); reintentando en 5s
2026-08-03 23:46:27,907 WARNING Conexión perdida (server rejected WebSocket connection: HTTP 404); reintentando en 5s
2026-08-03 23:46:33,141 WARNING Conexión perdida (server rejected WebSocket connection: HTTP 404); reintentando en 5s
2026-08-03 23:46:38,384 WARNING Conexión perdida (server rejected WebSocket connection: HTTP 404); reintentando en 5s
2026-08-03 23:46:43,645 WARNING Conexión perdida (server rejected WebSocket connection: HTTP 404); reintentando en 5s
2026-08-03 23:46:48,912 WARNING Conexión perdida (server rejected WebSocket connection: HTTP 404); reintentando en 5s
2026-08-03 23:46:54,156 WARNING Conexión perdida (server rejected WebSocket connection: HTTP 404); reintentando en 5s
2026-08-03 23:46:59,396 WARNING Conexión perdida (server rejected WebSocket connection: HTTP 404); reintentando en 5s
2026-08-03 23:47:04,635 WARNING Conexión perdida (server rejected WebSocket connection: HTTP 404); reintentando en 5s
2026-08-03 23:47:09,889 WARNING Conexión perdida (server rejected WebSocket connection: HTTP 404); reintentando en 5s
2026-08-03 23:47:15,111 WARNING Conexión perdida (server rejected WebSocket connection: HTTP 404); reintentando en 5s
2026-08-03 23:47:20,353 WARNING Conexión perdida (server rejected WebSocket connection: HTTP 404); reintentando en 5s
2026-08-03 23:47:25,599 WARNING Conexión perdida (server rejected WebSocket connection: HTTP 404); reintentando en 5s
2026-08-03 23:47:30,863 WARNING Conexión perdida (server rejected WebSocket connection: HTTP 404); reintentando en 5s
2026-08-03 23:47:36,108 WARNING Conexión perdida (server rejected WebSocket connection: HTTP 404); reintentando en 5s
2026-08-03 23:47:41,360 WARNING Conexión perdida (server rejected WebSocket connection: HTTP 404); reintentando en 5s
2026-08-03 23:47:46,619 WARNING Conexión perdida (server rejected WebSocket connection: HTTP 404); reintentando en 5s
2026-08-03 23:47:51,842 WARNING Conexión perdida (server rejected WebSocket connection: HTTP 404); reintentando en 5s
2026-08-03 23:47:57,067 WARNING Conexión perdida (server rejected WebSocket connection: HTTP 404); reintentando en 5s
2026-08-03 23:48:02,302 WARNING Conexión perdida (server rejected WebSocket connection: HTTP 404); reintentando en 5s
2026-08-03 23:48:07,565 WARNING Conexión perdida (server rejected WebSocket connection: HTTP 404); reintentando en 5s
2026-08-03 23:48:12,797 WARNING Conexión perdida (server rejected WebSocket connection: HTTP 404); reintentando en 5s
2026-08-03 23:48:18,038 WARNING Conexión perdida (server rejected WebSocket connection: HTTP 404); reintentando en 5s
2026-08-03 23:48:23,276 WARNING Conexión perdida (server rejected WebSocket connection: HTTP 404); reintentando en 5s
2026-08-03 23:48:28,525 WARNING Conexión perdida (server rejected WebSocket connection: HTTP 404); reintentando en 5s
2026-08-03 23:48:33,808 WARNING Conexión perdida (server rejected WebSocket connection: HTTP 404); reintentando en 5s
2026-08-03 23:48:39,049 WARNING Conexión perdida (server rejected WebSocket connection: HTTP 404); reintentando en 5s
2026-08-03 23:48:44,298 WARNING Conexión perdida (server rejected WebSocket connection: HTTP 404); reintentando en 5s
2026-08-03 23:48:49,552 WARNING Conexión perdida (server rejected WebSocket connection: HTTP 404); reintentando en 5s
2026-08-03 23:48:54,813 WARNING Conexión perdida (server rejected WebSocket connection: HTTP 404); reintentando en 5s
2026-08-03 23:49:00,050 WARNING Conexión perdida (server rejected WebSocket connection: HTTP 404); reintentando en 5s
2026-08-03 23:49:05,296 WARNING Conexión perdida (server rejected WebSocket connection: HTTP 404); reintentando en 5s
2026-08-03 23:49:10,568 WARNING Conexión perdida (server rejected WebSocket connection: HTTP 404); reintentando en 5s
2026-08-03 23:49:15,821 WARNING Conexión perdida (server rejected WebSocket connection: HTTP 404); reintentando en 5s
2026-08-03 23:49:21,071 WARNING Conexión perdida (server rejected WebSocket connection: HTTP 404); reintentando en 5s
2026-08-03 23:49:26,314 WARNING Conexión perdida (server rejected WebSocket connection: HTTP 404); reintentando en 5s
2026-08-03 23:49:31,548 WARNING Conexión perdida (server rejected WebSocket connection: HTTP 404); reintentando en 5s
2026-08-03 23:49:36,818 WARNING Conexión perdida (server rejected WebSocket connection: HTTP 404); reintentando en 5s
2026-08-03 23:49:42,083 WARNING Conexión perdida (server rejected WebSocket connection: HTTP 404); reintentando en 5s
2026-08-03 23:49:47,333 WARNING Conexión perdida (server rejected WebSocket connection: HTTP 404); reintentando en 5s
2026-08-03 23:49:52,586 WARNING Conexión perdida (server rejected WebSocket connection: HTTP 404); reintentando en 5s
2026-08-03 23:49:57,833 WARNING Conexión perdida (server rejected WebSocket connection: HTTP 404); reintentando en 5s
2026-08-03 23:50:03,093 WARNING Conexión perdida (server rejected WebSocket connection: HTTP 404); reintentando en 5s
2026-08-03 23:50:08,363 WARNING Conexión perdida (server rejected WebSocket connection: HTTP 404); reintentando en 5s
2026-08-03 23:50:13,602 WARNING Conexión perdida (server rejected WebSocket connection: HTTP 404); reintentando en 5s
2026-08-03 23:50:18,850 WARNING Conexión perdida (server rejected WebSocket connection: HTTP 404); reintentando en 5s
2026-08-03 23:50:24,096 WARNING Conexión perdida (server rejected WebSocket connection: HTTP 404); reintentando en 5s
2026-08-03 23:50:29,337 WARNING Conexión perdida (server rejected WebSocket connection: HTTP 404); reintentando en 5s
2026-08-03 23:50:34,571 WARNING Conexión perdida (server rejected WebSocket connection: HTTP 404); reintentando en 5s
2026-08-03 23:50:39,832 WARNING Conexión perdida (server rejected WebSocket connection: HTTP 404); reintentando en 5s
2026-08-03 23:50:45,088 WARNING Conexión perdida (server rejected WebSocket connection: HTTP 404); reintentando en 5s
2026-08-03 23:50:50,342 WARNING Conexión perdida (server rejected WebSocket connection: HTTP 404); reintentando en 5s
2026-08-03 23:50:55,589 WARNING Conexión perdida (server rejected WebSocket connection: HTTP 404); reintentando en 5s
2026-08-03 23:51:00,817 WARNING Conexión perdida (server rejected WebSocket connection: HTTP 404); reintentando en 5s
2026-08-03 23:51:06,071 WARNING Conexión perdida (server rejected WebSocket connection: HTTP 404); reintentando en 5s
2026-08-03 23:51:11,319 WARNING Conexión perdida (server rejected WebSocket connection: HTTP 404); reintentando en 5s
2026-08-03 23:51:16,564 WARNING Conexión perdida (server rejected WebSocket connection: HTTP 404); reintentando en 5s
2026-08-03 23:51:21,804 WARNING Conexión perdida (server rejected WebSocket connection: HTTP 404); reintentando en 5s
2026-08-03 23:51:27,049 WARNING Conexión perdida (server rejected WebSocket connection: HTTP 404); reintentando en 5s
2026-08-03 23:51:32,286 WARNING Conexión perdida (server rejected WebSocket connection: HTTP 404); reintentando en 5s
2026-08-03 23:51:37,543 WARNING Conexión perdida (server rejected WebSocket connection: HTTP 404); reintentando en 5s
2026-08-03 23:51:42,784 WARNING Conexión perdida (server rejected WebSocket connection: HTTP 404); reintentando en 5s
2026-08-03 23:51:48,024 WARNING Conexión perdida (server rejected WebSocket connection: HTTP 404); reintentando en 5s
2026-08-03 23:51:53,261 WARNING Conexión perdida (server rejected WebSocket connection: HTTP 404); reintentando en 5s
2026-08-03 23:51:58,491 WARNING Conexión perdida (server rejected WebSocket connection: HTTP 404); reintentando en 5s
2026-08-03 23:52:03,726 WARNING Conexión perdida (server rejected WebSocket connection: HTTP 404); reintentando en 5s
2026-08-03 23:52:08,962 WARNING Conexión perdida (server rejected WebSocket connection: HTTP 404); reintentando en 5s
2026-08-03 23:52:14,201 WARNING Conexión perdida (server rejected WebSocket connection: HTTP 404); reintentando en 5s
2026-08-03 23:52:19,440 WARNING Conexión perdida (server rejected WebSocket connection: HTTP 404); reintentando en 5s
2026-08-03 23:52:24,688 WARNING Conexión perdida (server rejected WebSocket connection: HTTP 404); reintentando en 5s
2026-08-03 23:52:29,929 WARNING Conexión perdida (server rejected WebSocket connection: HTTP 404); reintentando en 5s
2026-08-03 23:52:35,177 WARNING Conexión perdida (server rejected WebSocket connection: HTTP 404); reintentando en 5s
2026-08-03 23:52:40,409 WARNING Conexión perdida (server rejected WebSocket connection: HTTP 404); reintentando en 5s
2026-08-03 23:52:45,680 WARNING Conexión perdida (server rejected WebSocket connection: HTTP 404); reintentando en 5s
2026-08-03 23:52:50,910 WARNING Conexión perdida (server rejected WebSocket connection: HTTP 404); reintentando en 5s
2026-08-03 23:52:56,167 WARNING Conexión perdida (server rejected WebSocket connection: HTTP 404); reintentando en 5s
2026-08-03 23:53:01,404 WARNING Conexión perdida (server rejected WebSocket connection: HTTP 404); reintentando en 5s
2026-08-03 23:53:06,646 WARNING Conexión perdida (server rejected WebSocket connection: HTTP 404); reintentando en 5s
2026-08-03 23:53:11,872 WARNING Conexión perdida (server rejected WebSocket connection: HTTP 404); reintentando en 5s
2026-08-03 23:53:17,101 WARNING Conexión perdida (server rejected WebSocket connection: HTTP 404); reintentando en 5s
2026-08-03 23:53:22,336 WARNING Conexión perdida (server rejected WebSocket connection: HTTP 404); reintentando en 5s
2026-08-03 23:53:27,581 WARNING Conexión perdida (server rejected WebSocket connection: HTTP 404); reintentando en 5s
2026-08-03 23:53:32,846 WARNING Conexión perdida (server rejected WebSocket connection: HTTP 404); reintentando en 5s
2026-08-03 23:53:38,102 WARNING Conexión perdida (server rejected WebSocket connection: HTTP 404); reintentando en 5s
2026-08-03 23:53:43,338 WARNING Conexión perdida (server rejected WebSocket connection: HTTP 404); reintentando en 5s
2026-08-03 23:53:48,617 WARNING Conexión perdida (server rejected WebSocket connection: HTTP 404); reintentando en 5s
2026-08-03 23:53:53,856 WARNING Conexión perdida (server rejected WebSocket connection: HTTP 404); reintentando en 5s
2026-08-03 23:53:59,101 WARNING Conexión perdida (server rejected WebSocket connection: HTTP 404); reintentando en 5s
2026-08-03 23:54:04,352 WARNING Conexión perdida (server rejected WebSocket connection: HTTP 404); reintentando en 5s
2026-08-03 23:54:09,611 WARNING Conexión perdida (server rejected WebSocket connection: HTTP 404); reintentando en 5s
2026-08-03 23:54:14,859 WARNING Conexión perdida (server rejected WebSocket connection: HTTP 404); reintentando en 5s
2026-08-03 23:54:20,097 WARNING Conexión perdida (server rejected WebSocket connection: HTTP 404); reintentando en 5s
2026-08-03 23:54:25,347 WARNING Conexión perdida (server rejected WebSocket connection: HTTP 404); reintentando en 5s
2026-08-03 23:54:30,903 WARNING Conexión perdida (server rejected WebSocket connection: HTTP 404); reintentando en 5s
2026-08-03 23:54:36,158 WARNING Conexión perdida (server rejected WebSocket connection: HTTP 404); reintentando en 5s
2026-08-03 23:54:41,420 WARNING Conexión perdida (server rejected WebSocket connection: HTTP 404); reintentando en 5s
2026-08-03 23:54:46,668 WARNING Conexión perdida (server rejected WebSocket connection: HTTP 404); reintentando en 5s
2026-08-03 23:54:51,950 WARNING Conexión perdida (server rejected WebSocket connection: HTTP 404); reintentando en 5s
2026-08-03 23:54:57,211 WARNING Conexión perdida (server rejected WebSocket connection: HTTP 404); reintentando en 5s
2026-08-03 23:55:02,456 WARNING Conexión perdida (server rejected WebSocket connection: HTTP 404); reintentando en 5s
2026-08-03 23:55:07,689 WARNING Conexión perdida (server rejected WebSocket connection: HTTP 404); reintentando en 5s
2026-08-03 23:55:12,942 WARNING Conexión perdida (server rejected WebSocket connection: HTTP 404); reintentando en 5s
2026-08-03 23:55:18,179 WARNING Conexión perdida (server rejected WebSocket connection: HTTP 404); reintentando en 5s
2026-08-03 23:55:23,442 WARNING Conexión perdida (server rejected WebSocket connection: HTTP 404); reintentando en 5s
2026-08-03 23:55:28,696 WARNING Conexión perdida (server rejected WebSocket connection: HTTP 404); reintentando en 5s
2026-08-03 23:55:33,938 WARNING Conexión perdida (server rejected WebSocket connection: HTTP 404); reintentando en 5s
2026-08-03 23:55:39,197 WARNING Conexión perdida (server rejected WebSocket connection: HTTP 404); reintentando en 5s
2026-08-03 23:55:44,450 WARNING Conexión perdida (server rejected WebSocket connection: HTTP 404); reintentando en 5s
2026-08-03 23:55:49,695 WARNING Conexión perdida (server rejected WebSocket connection: HTTP 404); reintentando en 5s
2026-08-03 23:55:54,964 WARNING Conexión perdida (server rejected WebSocket connection: HTTP 404); reintentando en 5s
2026-08-03 23:56:00,211 WARNING Conexión perdida (server rejected WebSocket connection: HTTP 404); reintentando en 5s
2026-08-03 23:56:05,477 WARNING Conexión perdida (server rejected WebSocket connection: HTTP 404); reintentando en 5s
2026-08-03 23:56:11,002 WARNING Conexión perdida (server rejected WebSocket connection: HTTP 404); reintentando en 5s
2026-08-03 23:56:16,249 WARNING Conexión perdida (server rejected WebSocket connection: HTTP 404); reintentando en 5s
2026-08-03 23:56:21,505 WARNING Conexión perdida (server rejected WebSocket connection: HTTP 404); reintentando en 5s
2026-08-03 23:56:26,750 WARNING Conexión perdida (server rejected WebSocket connection: HTTP 404); reintentando en 5s
2026-08-03 23:56:31,983 WARNING Conexión perdida (server rejected WebSocket connection: HTTP 404); reintentando en 5s
2026-08-03 23:56:37,219 WARNING Conexión perdida (server rejected WebSocket connection: HTTP 404); reintentando en 5s
2026-08-03 23:56:42,466 WARNING Conexión perdida (server rejected WebSocket connection: HTTP 404); reintentando en 5s
2026-08-03 23:56:47,692 WARNING Conexión perdida (server rejected WebSocket connection: HTTP 404); reintentando en 5s
2026-08-03 23:56:52,942 WARNING Conexión perdida (server rejected WebSocket connection: HTTP 404); reintentando en 5s
2026-08-03 23:56:58,189 WARNING Conexión perdida (server rejected WebSocket connection: HTTP 404); reintentando en 5s
2026-08-03 23:57:03,440 WARNING Conexión perdida (server rejected WebSocket connection: HTTP 404); reintentando en 5s
2026-08-03 23:57:08,673 WARNING Conexión perdida (server rejected WebSocket connection: HTTP 404); reintentando en 5s
2026-08-03 23:57:13,903 WARNING Conexión perdida (server rejected WebSocket connection: HTTP 404); reintentando en 5s
2026-08-03 23:57:19,139 WARNING Conexión perdida (server rejected WebSocket connection: HTTP 404); reintentando en 5s
2026-08-03 23:57:24,364 WARNING Conexión perdida (server rejected WebSocket connection: HTTP 404); reintentando en 5s
2026-08-03 23:57:29,606 WARNING Conexión perdida (server rejected WebSocket connection: HTTP 404); reintentando en 5s
2026-08-03 23:57:34,833 WARNING Conexión perdida (server rejected WebSocket connection: HTTP 404); reintentando en 5s
2026-08-03 23:57:40,190 WARNING Conexión perdida (server rejected WebSocket connection: HTTP 404); reintentando en 5s
2026-08-03 23:57:45,453 WARNING Conexión perdida (server rejected WebSocket connection: HTTP 404); reintentando en 5s
2026-08-03 23:57:50,694 WARNING Conexión perdida (server rejected WebSocket connection: HTTP 404); reintentando en 5s
2026-08-03 23:57:55,928 WARNING Conexión perdida (server rejected WebSocket connection: HTTP 404); reintentando en 5s
2026-08-03 23:58:01,190 WARNING Conexión perdida (server rejected WebSocket connection: HTTP 404); reintentando en 5s
2026-08-03 23:58:06,422 WARNING Conexión perdida (server rejected WebSocket connection: HTTP 404); reintentando en 5s
2026-08-03 23:58:11,657 WARNING Conexión perdida (server rejected WebSocket connection: HTTP 404); reintentando en 5s
2026-08-03 23:58:16,893 WARNING Conexión perdida (server rejected WebSocket connection: HTTP 404); reintentando en 5s
2026-08-03 23:58:22,132 WARNING Conexión perdida (server rejected WebSocket connection: HTTP 404); reintentando en 5s
2026-08-03 23:58:27,376 WARNING Conexión perdida (server rejected WebSocket connection: HTTP 404); reintentando en 5s
2026-08-03 23:58:32,618 WARNING Conexión perdida (server rejected WebSocket connection: HTTP 404); reintentando en 5s
2026-08-03 23:58:37,854 WARNING Conexión perdida (server rejected WebSocket connection: HTTP 404); reintentando en 5s
2026-08-03 23:58:43,101 WARNING Conexión perdida (server rejected WebSocket connection: HTTP 404); reintentando en 5s
2026-08-03 23:58:48,360 WARNING Conexión perdida (server rejected WebSocket connection: HTTP 404); reintentando en 5s
2026-08-03 23:58:53,506 WARNING Conexión perdida (server rejected WebSocket connection: HTTP 404); reintentando en 5s
2026-08-03 23:58:58,749 WARNING Conexión perdida (server rejected WebSocket connection: HTTP 404); reintentando en 5s
2026-08-03 23:59:03,987 WARNING Conexión perdida (server rejected WebSocket connection: HTTP 404); reintentando en 5s
2026-08-03 23:59:09,219 WARNING Conexión perdida (server rejected WebSocket connection: HTTP 404); reintentando en 5s
2026-08-03 23:59:14,451 WARNING Conexión perdida (server rejected WebSocket connection: HTTP 404); reintentando en 5s
2026-08-03 23:59:19,685 WARNING Conexión perdida (server rejected WebSocket connection: HTTP 404); reintentando en 5s
2026-08-03 23:59:24,910 WARNING Conexión perdida (server rejected WebSocket connection: HTTP 404); reintentando en 5s
2026-08-03 23:59:30,149 WARNING Conexión perdida (server rejected WebSocket connection: HTTP 404); reintentando en 5s
2026-08-03 23:59:35,386 WARNING Conexión perdida (server rejected WebSocket connection: HTTP 404); reintentando en 5s
2026-08-03 23:59:40,615 WARNING Conexión perdida (server rejected WebSocket connection: HTTP 404); reintentando en 5s
2026-08-03 23:59:45,874 WARNING Conexión perdida (server rejected WebSocket connection: HTTP 404); reintentando en 5s
2026-08-03 23:59:51,118 WARNING Conexión perdida (server rejected WebSocket connection: HTTP 404); reintentando en 5s
2026-08-03 23:59:56,393 WARNING Conexión perdida (server rejected WebSocket connection: HTTP 404); reintentando en 5s
2026-08-04 00:00:01,639 WARNING Conexión perdida (server rejected WebSocket connection: HTTP 404); reintentando en 5s
2026-08-04 00:00:06,889 WARNING Conexión perdida (server rejected WebSocket connection: HTTP 404); reintentando en 5s
2026-08-04 00:00:12,122 WARNING Conexión perdida (server rejected WebSocket connection: HTTP 404); reintentando en 5s
2026-08-04 00:00:17,491 WARNING Conexión perdida (server rejected WebSocket connection: HTTP 404); reintentando en 5s
2026-08-04 00:00:22,725 WARNING Conexión perdida (server rejected WebSocket connection: HTTP 404); reintentando en 5s
2026-08-04 00:00:27,987 WARNING Conexión perdida (server rejected WebSocket connection: HTTP 404); reintentando en 5s
2026-08-04 00:00:33,215 WARNING Conexión perdida (server rejected WebSocket connection: HTTP 404); reintentando en 5s
2026-08-04 00:00:38,455 WARNING Conexión perdida (server rejected WebSocket connection: HTTP 404); reintentando en 5s
2026-08-04 00:00:43,685 WARNING Conexión perdida (server rejected WebSocket connection: HTTP 404); reintentando en 5s
2026-08-04 00:00:48,928 WARNING Conexión perdida (server rejected WebSocket connection: HTTP 404); reintentando en 5s
2026-08-04 00:00:54,165 WARNING Conexión perdida (server rejected WebSocket connection: HTTP 404); reintentando en 5s
2026-08-04 00:00:59,386 WARNING Conexión perdida (server rejected WebSocket connection: HTTP 404); reintentando en 5s
2026-08-04 00:01:04,627 WARNING Conexión perdida (server rejected WebSocket connection: HTTP 404); reintentando en 5s
2026-08-04 00:01:09,873 WARNING Conexión perdida (server rejected WebSocket connection: HTTP 404); reintentando en 5s
2026-08-04 00:01:15,107 WARNING Conexión perdida (server rejected WebSocket connection: HTTP 404); reintentando en 5s
2026-08-04 00:01:20,343 WARNING Conexión perdida (server rejected WebSocket connection: HTTP 404); reintentando en 5s
2026-08-04 00:01:25,603 WARNING Conexión perdida (server rejected WebSocket connection: HTTP 404); reintentando en 5s
2026-08-04 00:01:30,833 WARNING Conexión perdida (server rejected WebSocket connection: HTTP 404); reintentando en 5s
2026-08-04 00:01:36,059 WARNING Conexión perdida (server rejected WebSocket connection: HTTP 404); reintentando en 5s
2026-08-04 00:01:41,276 WARNING Conexión perdida (server rejected WebSocket connection: HTTP 404); reintentando en 5s
2026-08-04 00:01:46,529 WARNING Conexión perdida (server rejected WebSocket connection: HTTP 404); reintentando en 5s
2026-08-04 00:01:51,763 WARNING Conexión perdida (server rejected WebSocket connection: HTTP 404); reintentando en 5s
2026-08-04 00:01:56,984 WARNING Conexión perdida (server rejected WebSocket connection: HTTP 404); reintentando en 5s
2026-08-04 00:02:02,214 WARNING Conexión perdida (server rejected WebSocket connection: HTTP 404); reintentando en 5s
2026-08-04 00:02:07,357 WARNING Conexión perdida (server rejected WebSocket connection: HTTP 404); reintentando en 5s
2026-08-04 00:02:12,649 WARNING Conexión perdida (server rejected WebSocket connection: HTTP 404); reintentando en 5s
2026-08-04 00:02:17,816 WARNING Conexión perdida (server rejected WebSocket connection: HTTP 404); reintentando en 5s
2026-08-04 00:02:23,060 WARNING Conexión perdida (server rejected WebSocket connection: HTTP 404); reintentando en 5s
2026-08-04 00:02:28,293 WARNING Conexión perdida (server rejected WebSocket connection: HTTP 404); reintentando en 5s
2026-08-04 00:02:33,529 WARNING Conexión perdida (server rejected WebSocket connection: HTTP 404); reintentando en 5s
2026-08-04 00:02:38,794 WARNING Conexión perdida (server rejected WebSocket connection: HTTP 404); reintentando en 5s
2026-08-04 00:02:44,048 WARNING Conexión perdida (server rejected WebSocket connection: HTTP 404); reintentando en 5s
2026-08-04 00:02:49,287 WARNING Conexión perdida (server rejected WebSocket connection: HTTP 404); reintentando en 5s
2026-08-04 00:02:54,520 WARNING Conexión perdida (server rejected WebSocket connection: HTTP 404); reintentando en 5s
2026-08-04 00:02:59,768 WARNING Conexión perdida (server rejected WebSocket connection: HTTP 404); reintentando en 5s
2026-08-04 00:03:05,005 WARNING Conexión perdida (server rejected WebSocket connection: HTTP 404); reintentando en 5s
2026-08-04 00:03:10,242 WARNING Conexión perdida (server rejected WebSocket connection: HTTP 404); reintentando en 5s
2026-08-04 00:03:15,516 WARNING Conexión perdida (server rejected WebSocket connection: HTTP 404); reintentando en 5s
2026-08-04 00:03:20,759 WARNING Conexión perdida (server rejected WebSocket connection: HTTP 404); reintentando en 5s
2026-08-04 00:03:26,004 WARNING Conexión perdida (server rejected WebSocket connection: HTTP 404); reintentando en 5s
2026-08-04 00:03:31,244 WARNING Conexión perdida (server rejected WebSocket connection: HTTP 404); reintentando en 5s
2026-08-04 00:03:36,468 WARNING Conexión perdida (server rejected WebSocket connection: HTTP 404); reintentando en 5s
2026-08-04 00:03:41,689 WARNING Conexión perdida (server rejected WebSocket connection: HTTP 404); reintentando en 5s
2026-08-04 00:03:46,935 WARNING Conexión perdida (server rejected WebSocket connection: HTTP 404); reintentando en 5s
2026-08-04 00:03:52,170 WARNING Conexión perdida (server rejected WebSocket connection: HTTP 404); reintentando en 5s
2026-08-04 00:03:57,396 WARNING Conexión perdida (server rejected WebSocket connection: HTTP 404); reintentando en 5s
2026-08-04 00:04:02,652 WARNING Conexión perdida (server rejected WebSocket connection: HTTP 404); reintentando en 5s
2026-08-04 00:04:07,890 WARNING Conexión perdida (server rejected WebSocket connection: HTTP 404); reintentando en 5s
2026-08-04 00:04:13,131 WARNING Conexión perdida (server rejected WebSocket connection: HTTP 404); reintentando en 5s
2026-08-04 00:04:18,363 WARNING Conexión perdida (server rejected WebSocket connection: HTTP 404); reintentando en 5s
2026-08-04 00:04:23,614 WARNING Conexión perdida (server rejected WebSocket connection: HTTP 404); reintentando en 5s
2026-08-04 00:04:28,851 WARNING Conexión perdida (server rejected WebSocket connection: HTTP 404); reintentando en 5s
2026-08-04 00:04:34,108 WARNING Conexión perdida (server rejected WebSocket connection: HTTP 404); reintentando en 5s
2026-08-04 00:04:39,348 WARNING Conexión perdida (server rejected WebSocket connection: HTTP 404); reintentando en 5s
2026-08-04 00:04:44,582 WARNING Conexión perdida (server rejected WebSocket connection: HTTP 404); reintentando en 5s
2026-08-04 00:04:49,814 WARNING Conexión perdida (server rejected WebSocket connection: HTTP 404); reintentando en 5s
2026-08-04 00:04:55,074 WARNING Conexión perdida (server rejected WebSocket connection: HTTP 404); reintentando en 5s
2026-08-04 00:05:00,308 WARNING Conexión perdida (server rejected WebSocket connection: HTTP 404); reintentando en 5s
2026-08-04 00:05:05,548 WARNING Conexión perdida (server rejected WebSocket connection: HTTP 404); reintentando en 5s
2026-08-04 00:05:10,788 WARNING Conexión perdida (server rejected WebSocket connection: HTTP 404); reintentando en 5s
2026-08-04 00:05:16,039 WARNING Conexión perdida (server rejected WebSocket connection: HTTP 404); reintentando en 5s
2026-08-04 00:05:21,298 WARNING Conexión perdida (server rejected WebSocket connection: HTTP 404); reintentando en 5s
2026-08-04 00:05:26,537 WARNING Conexión perdida (server rejected WebSocket connection: HTTP 404); reintentando en 5s
2026-08-04 00:05:31,769 WARNING Conexión perdida (server rejected WebSocket connection: HTTP 404); reintentando en 5s
2026-08-04 00:05:36,997 WARNING Conexión perdida (server rejected WebSocket connection: HTTP 404); reintentando en 5s
2026-08-04 00:05:42,221 WARNING Conexión perdida (server rejected WebSocket connection: HTTP 404); reintentando en 5s
2026-08-04 00:05:47,448 WARNING Conexión perdida (server rejected WebSocket connection: HTTP 404); reintentando en 5s
2026-08-04 00:05:52,695 WARNING Conexión perdida (server rejected WebSocket connection: HTTP 404); reintentando en 5s
2026-08-04 00:05:57,937 WARNING Conexión perdida (server rejected WebSocket connection: HTTP 404); reintentando en 5s
2026-08-04 00:06:03,155 WARNING Conexión perdida (server rejected WebSocket connection: HTTP 404); reintentando en 5s
2026-08-04 00:06:08,383 WARNING Conexión perdida (server rejected WebSocket connection: HTTP 404); reintentando en 5s
2026-08-04 00:06:13,628 WARNING Conexión perdida (server rejected WebSocket connection: HTTP 404); reintentando en 5s
2026-08-04 00:06:18,872 WARNING Conexión perdida (server rejected WebSocket connection: HTTP 404); reintentando en 5s
2026-08-04 00:06:24,114 WARNING Conexión perdida (server rejected WebSocket connection: HTTP 404); reintentando en 5s
2026-08-04 00:06:29,348 WARNING Conexión perdida (server rejected WebSocket connection: HTTP 404); reintentando en 5s
2026-08-04 00:06:34,587 WARNING Conexión perdida (server rejected WebSocket connection: HTTP 404); reintentando en 5s
2026-08-04 00:06:39,815 WARNING Conexión perdida (server rejected WebSocket connection: HTTP 404); reintentando en 5s
2026-08-04 00:06:45,056 WARNING Conexión perdida (server rejected WebSocket connection: HTTP 404); reintentando en 5s
2026-08-04 00:06:50,298 WARNING Conexión perdida (server rejected WebSocket connection: HTTP 404); reintentando en 5s
2026-08-04 00:06:55,579 WARNING Conexión perdida (server rejected WebSocket connection: HTTP 404); reintentando en 5s
2026-08-04 00:07:00,890 WARNING Conexión perdida (server rejected WebSocket connection: HTTP 404); reintentando en 5s
2026-08-04 00:07:06,139 WARNING Conexión perdida (server rejected WebSocket connection: HTTP 404); reintentando en 5s
2026-08-04 00:07:11,377 WARNING Conexión perdida (server rejected WebSocket connection: HTTP 404); reintentando en 5s
2026-08-04 00:07:16,613 WARNING Conexión perdida (server rejected WebSocket connection: HTTP 404); reintentando en 5s
2026-08-04 00:07:21,855 WARNING Conexión perdida (server rejected WebSocket connection: HTTP 404); reintentando en 5s
2026-08-04 00:07:27,097 WARNING Conexión perdida (server rejected WebSocket connection: HTTP 404); reintentando en 5s
2026-08-04 00:07:32,326 WARNING Conexión perdida (server rejected WebSocket connection: HTTP 404); reintentando en 5s
2026-08-04 00:07:37,558 WARNING Conexión perdida (server rejected WebSocket connection: HTTP 404); reintentando en 5s
2026-08-04 00:07:42,784 WARNING Conexión perdida (server rejected WebSocket connection: HTTP 404); reintentando en 5s
2026-08-04 00:07:48,029 WARNING Conexión perdida (server rejected WebSocket connection: HTTP 404); reintentando en 5s
2026-08-04 00:07:53,268 WARNING Conexión perdida (server rejected WebSocket connection: HTTP 404); reintentando en 5s
2026-08-04 00:07:58,504 WARNING Conexión perdida (server rejected WebSocket connection: HTTP 404); reintentando en 5s
2026-08-04 00:08:03,738 WARNING Conexión perdida (server rejected WebSocket connection: HTTP 404); reintentando en 5s
2026-08-04 00:08:08,967 WARNING Conexión perdida (server rejected WebSocket connection: HTTP 404); reintentando en 5s
2026-08-04 00:08:14,197 WARNING Conexión perdida (server rejected WebSocket connection: HTTP 404); reintentando en 5s
2026-08-04 00:08:19,416 WARNING Conexión perdida (server rejected WebSocket connection: HTTP 404); reintentando en 5s
2026-08-04 00:08:24,646 WARNING Conexión perdida (server rejected WebSocket connection: HTTP 404); reintentando en 5s
2026-08-04 00:08:29,912 WARNING Conexión perdida (server rejected WebSocket connection: HTTP 404); reintentando en 5s
2026-08-04 00:08:35,140 WARNING Conexión perdida (server rejected WebSocket connection: HTTP 404); reintentando en 5s
2026-08-04 00:08:40,391 WARNING Conexión perdida (server rejected WebSocket connection: HTTP 404); reintentando en 5s
2026-08-04 00:08:45,619 WARNING Conexión perdida (server rejected WebSocket connection: HTTP 404); reintentando en 5s
2026-08-04 00:08:50,850 WARNING Conexión perdida (server rejected WebSocket connection: HTTP 404); reintentando en 5s
2026-08-04 00:08:56,088 WARNING Conexión perdida (server rejected WebSocket connection: HTTP 404); reintentando en 5s
2026-08-04 00:09:01,326 WARNING Conexión perdida (server rejected WebSocket connection: HTTP 404); reintentando en 5s
2026-08-04 00:09:06,576 WARNING Conexión perdida (server rejected WebSocket connection: HTTP 404); reintentando en 5s
2026-08-04 00:09:11,830 WARNING Conexión perdida (server rejected WebSocket connection: HTTP 404); reintentando en 5s
2026-08-04 00:09:17,072 WARNING Conexión perdida (server rejected WebSocket connection: HTTP 404); reintentando en 5s
2026-08-04 00:09:22,397 WARNING Conexión perdida (server rejected WebSocket connection: HTTP 404); reintentando en 5s
2026-08-04 00:09:27,664 WARNING Conexión perdida (server rejected WebSocket connection: HTTP 404); reintentando en 5s
2026-08-04 00:09:32,922 WARNING Conexión perdida (server rejected WebSocket connection: HTTP 404); reintentando en 5s
2026-08-04 00:09:38,146 WARNING Conexión perdida (server rejected WebSocket connection: HTTP 404); reintentando en 5s
2026-08-04 00:09:43,389 WARNING Conexión perdida (server rejected WebSocket connection: HTTP 404); reintentando en 5s
2026-08-04 00:09:48,614 WARNING Conexión perdida (server rejected WebSocket connection: HTTP 404); reintentando en 5s
2026-08-04 00:09:53,848 WARNING Conexión perdida (server rejected WebSocket connection: HTTP 404); reintentando en 5s
2026-08-04 00:09:59,078 WARNING Conexión perdida (server rejected WebSocket connection: HTTP 404); reintentando en 5s
2026-08-04 00:10:04,453 WARNING Conexión perdida (server rejected WebSocket connection: HTTP 404); reintentando en 5s
2026-08-04 00:10:09,687 WARNING Conexión perdida (server rejected WebSocket connection: HTTP 404); reintentando en 5s
2026-08-04 00:10:14,930 WARNING Conexión perdida (server rejected WebSocket connection: HTTP 404); reintentando en 5s
2026-08-04 00:10:20,170 WARNING Conexión perdida (server rejected WebSocket connection: HTTP 404); reintentando en 5s
2026-08-04 00:10:25,423 WARNING Conexión perdida (server rejected WebSocket connection: HTTP 404); reintentando en 5s
2026-08-04 00:10:30,656 WARNING Conexión perdida (server rejected WebSocket connection: HTTP 404); reintentando en 5s
2026-08-04 00:10:35,926 WARNING Conexión perdida (server rejected WebSocket connection: HTTP 404); reintentando en 5s
2026-08-04 00:10:41,181 WARNING Conexión perdida (server rejected WebSocket connection: HTTP 404); reintentando en 5s
2026-08-04 00:10:46,459 WARNING Conexión perdida (server rejected WebSocket connection: HTTP 404); reintentando en 5s
2026-08-04 00:10:51,690 WARNING Conexión perdida (server rejected WebSocket connection: HTTP 404); reintentando en 5s
2026-08-04 00:10:56,923 WARNING Conexión perdida (server rejected WebSocket connection: HTTP 404); reintentando en 5s
2026-08-04 00:11:02,151 WARNING Conexión perdida (server rejected WebSocket connection: HTTP 404); reintentando en 5s
2026-08-04 00:11:07,386 WARNING Conexión perdida (server rejected WebSocket connection: HTTP 404); reintentando en 5s
2026-08-04 00:11:12,616 WARNING Conexión perdida (server rejected WebSocket connection: HTTP 404); reintentando en 5s
2026-08-04 00:11:17,843 WARNING Conexión perdida (server rejected WebSocket connection: HTTP 404); reintentando en 5s
2026-08-04 00:11:23,075 WARNING Conexión perdida (server rejected WebSocket connection: HTTP 404); reintentando en 5s
2026-08-04 00:11:28,321 WARNING Conexión perdida (server rejected WebSocket connection: HTTP 404); reintentando en 5s
2026-08-04 00:11:33,559 WARNING Conexión perdida (server rejected WebSocket connection: HTTP 404); reintentando en 5s
2026-08-04 00:11:38,813 WARNING Conexión perdida (server rejected WebSocket connection: HTTP 404); reintentando en 5s
2026-08-04 00:11:44,052 WARNING Conexión perdida (server rejected WebSocket connection: HTTP 404); reintentando en 5s
2026-08-04 00:11:49,293 WARNING Conexión perdida (server rejected WebSocket connection: HTTP 404); reintentando en 5s
2026-08-04 00:11:54,519 WARNING Conexión perdida (server rejected WebSocket connection: HTTP 404); reintentando en 5s
2026-08-04 00:11:59,755 WARNING Conexión perdida (server rejected WebSocket connection: HTTP 404); reintentando en 5s
2026-08-04 00:12:05,001 WARNING Conexión perdida (server rejected WebSocket connection: HTTP 404); reintentando en 5s
2026-08-04 00:12:10,236 WARNING Conexión perdida (server rejected WebSocket connection: HTTP 404); reintentando en 5s
2026-08-04 00:12:15,389 WARNING Conexión perdida (server rejected WebSocket connection: HTTP 404); reintentando en 5s
2026-08-04 00:12:20,629 WARNING Conexión perdida (server rejected WebSocket connection: HTTP 404); reintentando en 5s
2026-08-04 00:12:25,873 WARNING Conexión perdida (server rejected WebSocket connection: HTTP 404); reintentando en 5s
2026-08-04 00:12:31,115 WARNING Conexión perdida (server rejected WebSocket connection: HTTP 404); reintentando en 5s
2026-08-04 00:12:36,349 WARNING Conexión perdida (server rejected WebSocket connection: HTTP 404); reintentando en 5s
2026-08-04 00:12:41,633 WARNING Conexión perdida (server rejected WebSocket connection: HTTP 404); reintentando en 5s
2026-08-04 00:12:46,788 WARNING Conexión perdida (server rejected WebSocket connection: HTTP 404); reintentando en 5s
2026-08-04 00:12:52,027 WARNING Conexión perdida (server rejected WebSocket connection: HTTP 404); reintentando en 5s
2026-08-04 00:12:57,279 WARNING Conexión perdida (server rejected WebSocket connection: HTTP 404); reintentando en 5s
2026-08-04 00:13:02,526 WARNING Conexión perdida (server rejected WebSocket connection: HTTP 404); reintentando en 5s
2026-08-04 00:13:07,767 WARNING Conexión perdida (server rejected WebSocket connection: HTTP 404); reintentando en 5s
2026-08-04 00:13:13,009 WARNING Conexión perdida (server rejected WebSocket connection: HTTP 404); reintentando en 5s
2026-08-04 00:13:18,435 WARNING Conexión perdida (server rejected WebSocket connection: HTTP 404); reintentando en 5s
2026-08-04 00:13:23,679 WARNING Conexión perdida (server rejected WebSocket connection: HTTP 404); reintentando en 5s
2026-08-04 00:13:28,924 WARNING Conexión perdida (server rejected WebSocket connection: HTTP 404); reintentando en 5s
2026-08-04 00:13:34,165 WARNING Conexión perdida (server rejected WebSocket connection: HTTP 404); reintentando en 5s
2026-08-04 00:13:39,393 WARNING Conexión perdida (server rejected WebSocket connection: HTTP 404); reintentando en 5s
2026-08-04 00:13:44,660 WARNING Conexión perdida (server rejected WebSocket connection: HTTP 404); reintentando en 5s
2026-08-04 00:13:49,893 WARNING Conexión perdida (server rejected WebSocket connection: HTTP 404); reintentando en 5s
2026-08-04 00:13:55,127 WARNING Conexión perdida (server rejected WebSocket connection: HTTP 404); reintentando en 5s
2026-08-04 00:14:00,358 WARNING Conexión perdida (server rejected WebSocket connection: HTTP 404); reintentando en 5s
2026-08-04 00:14:05,589 WARNING Conexión perdida (server rejected WebSocket connection: HTTP 404); reintentando en 5s
2026-08-04 00:14:10,820 WARNING Conexión perdida (server rejected WebSocket connection: HTTP 404); reintentando en 5s
2026-08-04 00:14:16,039 WARNING Conexión perdida (server rejected WebSocket connection: HTTP 404); reintentando en 5s
2026-08-04 00:14:21,270 WARNING Conexión perdida (server rejected WebSocket connection: HTTP 404); reintentando en 5s
2026-08-04 00:14:26,499 WARNING Conexión perdida (server rejected WebSocket connection: HTTP 404); reintentando en 5s
2026-08-04 00:14:31,738 WARNING Conexión perdida (server rejected WebSocket connection: HTTP 404); reintentando en 5s
2026-08-04 00:14:36,990 WARNING Conexión perdida (server rejected WebSocket connection: HTTP 404); reintentando en 5s
2026-08-04 00:14:42,217 WARNING Conexión perdida (server rejected WebSocket connection: HTTP 404); reintentando en 5s
2026-08-04 00:14:47,476 WARNING Conexión perdida (server rejected WebSocket connection: HTTP 404); reintentando en 5s
2026-08-04 00:14:52,709 WARNING Conexión perdida (server rejected WebSocket connection: HTTP 404); reintentando en 5s
2026-08-04 00:14:57,938 WARNING Conexión perdida (server rejected WebSocket connection: HTTP 404); reintentando en 5s
2026-08-04 00:15:03,158 WARNING Conexión perdida (server rejected WebSocket connection: HTTP 404); reintentando en 5s
2026-08-04 00:15:08,399 WARNING Conexión perdida (server rejected WebSocket connection: HTTP 404); reintentando en 5s
2026-08-04 00:15:13,629 WARNING Conexión perdida (server rejected WebSocket connection: HTTP 404); reintentando en 5s
2026-08-04 00:15:18,858 WARNING Conexión perdida (server rejected WebSocket connection: HTTP 404); reintentando en 5s
2026-08-04 00:15:24,090 WARNING Conexión perdida (server rejected WebSocket connection: HTTP 404); reintentando en 5s
2026-08-04 00:15:29,316 WARNING Conexión perdida (server rejected WebSocket connection: HTTP 404); reintentando en 5s
2026-08-04 00:15:34,549 WARNING Conexión perdida (server rejected WebSocket connection: HTTP 404); reintentando en 5s
2026-08-04 00:15:39,783 WARNING Conexión perdida (server rejected WebSocket connection: HTTP 404); reintentando en 5s
2026-08-04 00:15:45,018 WARNING Conexión perdida (server rejected WebSocket connection: HTTP 404); reintentando en 5s
2026-08-04 00:15:50,266 WARNING Conexión perdida (server rejected WebSocket connection: HTTP 404); reintentando en 5s
2026-08-04 00:15:55,506 WARNING Conexión perdida (server rejected WebSocket connection: HTTP 404); reintentando en 5s
2026-08-04 00:16:00,739 WARNING Conexión perdida (server rejected WebSocket connection: HTTP 404); reintentando en 5s
2026-08-04 00:16:05,968 WARNING Conexión perdida (server rejected WebSocket connection: HTTP 404); reintentando en 5s
2026-08-04 00:16:11,209 WARNING Conexión perdida (server rejected WebSocket connection: HTTP 404); reintentando en 5s
2026-08-04 00:16:16,429 WARNING Conexión perdida (server rejected WebSocket connection: HTTP 404); reintentando en 5s
2026-08-04 00:16:21,659 WARNING Conexión perdida (server rejected WebSocket connection: HTTP 404); reintentando en 5s
2026-08-04 00:16:26,894 WARNING Conexión perdida (server rejected WebSocket connection: HTTP 404); reintentando en 5s
2026-08-04 00:16:32,129 WARNING Conexión perdida (server rejected WebSocket connection: HTTP 404); reintentando en 5s
2026-08-04 00:16:37,349 WARNING Conexión perdida (server rejected WebSocket connection: HTTP 404); reintentando en 5s
2026-08-04 00:16:42,568 WARNING Conexión perdida (server rejected WebSocket connection: HTTP 404); reintentando en 5s
2026-08-04 00:16:47,798 WARNING Conexión perdida (server rejected WebSocket connection: HTTP 404); reintentando en 5s
2026-08-04 00:16:53,043 WARNING Conexión perdida (server rejected WebSocket connection: HTTP 404); reintentando en 5s
2026-08-04 00:16:58,266 WARNING Conexión perdida (server rejected WebSocket connection: HTTP 404); reintentando en 5s
2026-08-04 00:17:03,509 WARNING Conexión perdida (server rejected WebSocket connection: HTTP 404); reintentando en 5s
2026-08-04 00:17:08,755 WARNING Conexión perdida (server rejected WebSocket connection: HTTP 404); reintentando en 5s
2026-08-04 00:17:13,987 WARNING Conexión perdida (server rejected WebSocket connection: HTTP 404); reintentando en 5s
2026-08-04 00:17:19,215 WARNING Conexión perdida (server rejected WebSocket connection: HTTP 404); reintentando en 5s
2026-08-04 00:17:24,457 WARNING Conexión perdida (server rejected WebSocket connection: HTTP 404); reintentando en 5s
2026-08-04 00:17:29,689 WARNING Conexión perdida (server rejected WebSocket connection: HTTP 404); reintentando en 5s
2026-08-04 00:17:34,939 WARNING Conexión perdida (server rejected WebSocket connection: HTTP 404); reintentando en 5s
2026-08-04 00:17:40,185 WARNING Conexión perdida (server rejected WebSocket connection: HTTP 404); reintentando en 5s
2026-08-04 00:17:45,418 WARNING Conexión perdida (server rejected WebSocket connection: HTTP 404); reintentando en 5s
2026-08-04 00:17:50,648 WARNING Conexión perdida (server rejected WebSocket connection: HTTP 404); reintentando en 5s
2026-08-04 00:17:55,901 WARNING Conexión perdida (server rejected WebSocket connection: HTTP 404); reintentando en 5s
2026-08-04 00:18:01,136 WARNING Conexión perdida (server rejected WebSocket connection: HTTP 404); reintentando en 5s
2026-08-04 00:18:06,369 WARNING Conexión perdida (server rejected WebSocket connection: HTTP 404); reintentando en 5s
2026-08-04 00:18:11,618 WARNING Conexión perdida (server rejected WebSocket connection: HTTP 404); reintentando en 5s
2026-08-04 00:18:16,877 WARNING Conexión perdida (server rejected WebSocket connection: HTTP 404); reintentando en 5s
2026-08-04 00:18:22,123 WARNING Conexión perdida (server rejected WebSocket connection: HTTP 404); reintentando en 5s
2026-08-04 00:18:27,361 WARNING Conexión perdida (server rejected WebSocket connection: HTTP 404); reintentando en 5s
2026-08-04 00:18:32,863 WARNING Conexión perdida (server rejected WebSocket connection: HTTP 404); reintentando en 5s
2026-08-04 00:18:38,091 WARNING Conexión perdida (server rejected WebSocket connection: HTTP 404); reintentando en 5s
2026-08-04 00:18:43,334 WARNING Conexión perdida (server rejected WebSocket connection: HTTP 404); reintentando en 5s
2026-08-04 00:18:48,569 WARNING Conexión perdida (server rejected WebSocket connection: HTTP 404); reintentando en 5s
2026-08-04 00:18:53,812 WARNING Conexión perdida (server rejected WebSocket connection: HTTP 404); reintentando en 5s
2026-08-04 00:18:59,090 WARNING Conexión perdida (server rejected WebSocket connection: HTTP 404); reintentando en 5s
2026-08-04 00:19:04,308 WARNING Conexión perdida (server rejected WebSocket connection: HTTP 404); reintentando en 5s
2026-08-04 00:19:09,541 WARNING Conexión perdida (server rejected WebSocket connection: HTTP 404); reintentando en 5s
2026-08-04 00:19:14,768 WARNING Conexión perdida (server rejected WebSocket connection: HTTP 404); reintentando en 5s
2026-08-04 00:19:20,000 WARNING Conexión perdida (server rejected WebSocket connection: HTTP 404); reintentando en 5s
2026-08-04 00:19:25,274 WARNING Conexión perdida (server rejected WebSocket connection: HTTP 404); reintentando en 5s
2026-08-04 00:19:30,528 WARNING Conexión perdida (server rejected WebSocket connection: HTTP 404); reintentando en 5s
2026-08-04 00:19:35,759 WARNING Conexión perdida (server rejected WebSocket connection: HTTP 404); reintentando en 5s
2026-08-04 00:19:40,968 WARNING Conexión perdida (server rejected WebSocket connection: HTTP 404); reintentando en 5s
2026-08-04 00:19:46,190 WARNING Conexión perdida (server rejected WebSocket connection: HTTP 404); reintentando en 5s
2026-08-04 00:19:51,422 WARNING Conexión perdida (server rejected WebSocket connection: HTTP 404); reintentando en 5s
2026-08-04 00:19:56,651 WARNING Conexión perdida (server rejected WebSocket connection: HTTP 404); reintentando en 5s
2026-08-04 00:20:01,929 WARNING Conexión perdida (server rejected WebSocket connection: HTTP 404); reintentando en 5s
2026-08-04 00:20:07,157 WARNING Conexión perdida (server rejected WebSocket connection: HTTP 404); reintentando en 5s
2026-08-04 00:20:12,394 WARNING Conexión perdida (server rejected WebSocket connection: HTTP 404); reintentando en 5s
2026-08-04 00:20:17,655 WARNING Conexión perdida (server rejected WebSocket connection: HTTP 404); reintentando en 5s
2026-08-04 00:20:22,880 WARNING Conexión perdida (server rejected WebSocket connection: HTTP 404); reintentando en 5s
2026-08-04 00:20:28,099 WARNING Conexión perdida (server rejected WebSocket connection: HTTP 404); reintentando en 5s
2026-08-04 00:20:33,323 WARNING Conexión perdida (server rejected WebSocket connection: HTTP 404); reintentando en 5s
2026-08-04 00:20:38,553 WARNING Conexión perdida (server rejected WebSocket connection: HTTP 404); reintentando en 5s
2026-08-04 00:20:43,779 WARNING Conexión perdida (server rejected WebSocket connection: HTTP 404); reintentando en 5s
2026-08-04 00:20:49,001 WARNING Conexión perdida (server rejected WebSocket connection: HTTP 404); reintentando en 5s
2026-08-04 00:20:54,230 WARNING Conexión perdida (server rejected WebSocket connection: HTTP 404); reintentando en 5s
2026-08-04 00:20:59,454 WARNING Conexión perdida (server rejected WebSocket connection: HTTP 404); reintentando en 5s
2026-08-04 00:21:04,719 WARNING Conexión perdida (server rejected WebSocket connection: HTTP 404); reintentando en 5s
2026-08-04 00:21:09,959 WARNING Conexión perdida (server rejected WebSocket connection: HTTP 404); reintentando en 5s
2026-08-04 00:21:15,194 WARNING Conexión perdida (server rejected WebSocket connection: HTTP 404); reintentando en 5s
2026-08-04 00:21:20,447 WARNING Conexión perdida (server rejected WebSocket connection: HTTP 404); reintentando en 5s
2026-08-04 00:21:25,688 WARNING Conexión perdida (server rejected WebSocket connection: HTTP 404); reintentando en 5s
2026-08-04 00:21:30,925 WARNING Conexión perdida (server rejected WebSocket connection: HTTP 404); reintentando en 5s
2026-08-04 00:21:36,139 WARNING Conexión perdida (server rejected WebSocket connection: HTTP 404); reintentando en 5s
2026-08-04 00:21:41,375 WARNING Conexión perdida (server rejected WebSocket connection: HTTP 404); reintentando en 5s
2026-08-04 00:21:46,600 WARNING Conexión perdida (server rejected WebSocket connection: HTTP 404); reintentando en 5s
2026-08-04 00:21:51,845 WARNING Conexión perdida (server rejected WebSocket connection: HTTP 404); reintentando en 5s
2026-08-04 00:21:57,073 WARNING Conexión perdida (server rejected WebSocket connection: HTTP 404); reintentando en 5s
2026-08-04 00:22:02,332 WARNING Conexión perdida (server rejected WebSocket connection: HTTP 404); reintentando en 5s
2026-08-04 00:22:07,620 WARNING Conexión perdida (server rejected WebSocket connection: HTTP 404); reintentando en 5s
2026-08-04 00:22:12,856 WARNING Conexión perdida (server rejected WebSocket connection: HTTP 404); reintentando en 5s
2026-08-04 00:22:18,103 WARNING Conexión perdida (server rejected WebSocket connection: HTTP 404); reintentando en 5s
2026-08-04 00:22:23,337 WARNING Conexión perdida (server rejected WebSocket connection: HTTP 404); reintentando en 5s
2026-08-04 00:22:28,561 WARNING Conexión perdida (server rejected WebSocket connection: HTTP 404); reintentando en 5s
2026-08-04 00:22:33,804 WARNING Conexión perdida (server rejected WebSocket connection: HTTP 404); reintentando en 5s
2026-08-04 00:22:39,060 WARNING Conexión perdida (server rejected WebSocket connection: HTTP 404); reintentando en 5s
2026-08-04 00:22:44,281 WARNING Conexión perdida (server rejected WebSocket connection: HTTP 404); reintentando en 5s
2026-08-04 00:22:49,522 WARNING Conexión perdida (server rejected WebSocket connection: HTTP 404); reintentando en 5s
2026-08-04 00:22:54,762 WARNING Conexión perdida (server rejected WebSocket connection: HTTP 404); reintentando en 5s
2026-08-04 00:23:00,001 WARNING Conexión perdida (server rejected WebSocket connection: HTTP 404); reintentando en 5s
2026-08-04 00:23:05,243 WARNING Conexión perdida (server rejected WebSocket connection: HTTP 404); reintentando en 5s
2026-08-04 00:23:10,495 WARNING Conexión perdida (server rejected WebSocket connection: HTTP 404); reintentando en 5s
2026-08-04 00:23:15,704 WARNING Conexión perdida (server rejected WebSocket connection: HTTP 404); reintentando en 5s
2026-08-04 00:23:20,933 WARNING Conexión perdida (server rejected WebSocket connection: HTTP 404); reintentando en 5s
2026-08-04 00:23:26,155 WARNING Conexión perdida (server rejected WebSocket connection: HTTP 404); reintentando en 5s
2026-08-04 00:23:31,377 WARNING Conexión perdida (server rejected WebSocket connection: HTTP 404); reintentando en 5s
2026-08-04 00:23:36,602 WARNING Conexión perdida (server rejected WebSocket connection: HTTP 404); reintentando en 5s
2026-08-04 00:23:41,839 WARNING Conexión perdida (server rejected WebSocket connection: HTTP 404); reintentando en 5s
2026-08-04 00:23:47,065 WARNING Conexión perdida (server rejected WebSocket connection: HTTP 404); reintentando en 5s
2026-08-04 00:23:52,292 WARNING Conexión perdida (server rejected WebSocket connection: HTTP 404); reintentando en 5s
2026-08-04 00:23:57,523 WARNING Conexión perdida (server rejected WebSocket connection: HTTP 404); reintentando en 5s
2026-08-04 00:24:02,762 WARNING Conexión perdida (server rejected WebSocket connection: HTTP 404); reintentando en 5s
2026-08-04 00:24:08,003 WARNING Conexión perdida (server rejected WebSocket connection: HTTP 404); reintentando en 5s
2026-08-04 00:24:13,275 WARNING Conexión perdida (server rejected WebSocket connection: HTTP 404); reintentando en 5s
2026-08-04 00:24:18,518 WARNING Conexión perdida (server rejected WebSocket connection: HTTP 404); reintentando en 5s
2026-08-04 00:24:23,744 WARNING Conexión perdida (server rejected WebSocket connection: HTTP 404); reintentando en 5s
2026-08-04 00:24:28,977 WARNING Conexión perdida (server rejected WebSocket connection: HTTP 404); reintentando en 5s
2026-08-04 00:24:34,210 WARNING Conexión perdida (server rejected WebSocket connection: HTTP 404); reintentando en 5s
2026-08-04 00:24:39,459 WARNING Conexión perdida (server rejected WebSocket connection: HTTP 404); reintentando en 5s
2026-08-04 00:24:44,703 WARNING Conexión perdida (server rejected WebSocket connection: HTTP 404); reintentando en 5s
2026-08-04 00:24:49,936 WARNING Conexión perdida (server rejected WebSocket connection: HTTP 404); reintentando en 5s
2026-08-04 00:24:55,165 WARNING Conexión perdida (server rejected WebSocket connection: HTTP 404); reintentando en 5s
2026-08-04 00:25:00,397 WARNING Conexión perdida (server rejected WebSocket connection: HTTP 404); reintentando en 5s
2026-08-04 00:25:05,622 WARNING Conexión perdida (server rejected WebSocket connection: HTTP 404); reintentando en 5s
2026-08-04 00:25:10,863 WARNING Conexión perdida (server rejected WebSocket connection: HTTP 404); reintentando en 5s
2026-08-04 00:25:16,130 WARNING Conexión perdida (server rejected WebSocket connection: HTTP 404); reintentando en 5s
Traceback (most recent call last):
  File "C:\Users\nanou\AppData\Local\Programs\Python\Python313\Lib\asyncio\runners.py", line 118, in run
    return self._loop.run_until_complete(task)
           ~~~~~~~~~~~~~~~~~~~~~~~~~~~~~^^^^^^
  File "C:\Users\nanou\AppData\Local\Programs\Python\Python313\Lib\asyncio\base_events.py", line 725, in run_until_complete
    return future.result()
           ~~~~~~~~~~~~~^^
  File "C:\Users\nanou\Desktop\testing\ed_TEST\ed-indumentaria-test\printer-client\client.py", line 73, in run
    await asyncio.sleep(RECONNECT_DELAY_SECONDS)
  File "C:\Users\nanou\AppData\Local\Programs\Python\Python313\Lib\asyncio\tasks.py", line 718, in sleep
    return await future
           ^^^^^^^^^^^^
asyncio.exceptions.CancelledError

During handling of the above exception, another exception occurred:

Traceback (most recent call last):
  File "C:\Users\nanou\Desktop\testing\ed_TEST\ed-indumentaria-test\printer-client\client.py", line 77, in <module>
    asyncio.run(run())
    ~~~~~~~~~~~^^^^^^^
  File "C:\Users\nanou\AppData\Local\Programs\Python\Python313\Lib\asyncio\runners.py", line 195, in run
    return runner.run(main)
           ~~~~~~~~~~^^^^^^
  File "C:\Users\nanou\AppData\Local\Programs\Python\Python313\Lib\asyncio\runners.py", line 123, in run
    raise KeyboardInterrupt()
KeyboardInterrupt
