2026-07-27 21:19:38,105 INFO Conectado al servidor de impresión
2026-07-27 21:31:20,924 WARNING Conexión perdida (no close frame received or sent); reintentando en 5s
2026-07-27 21:31:26,229 WARNING Conexión perdida (transfer codings aren't supported); reintentando en 5s
2026-07-27 21:31:31,513 WARNING Conexión perdida (transfer codings aren't supported); reintentando en 5s
2026-07-27 21:31:36,809 WARNING Conexión perdida (transfer codings aren't supported); reintentando en 5s
2026-07-27 21:31:42,107 WARNING Conexión perdida (transfer codings aren't supported); reintentando en 5s
2026-07-27 21:31:47,406 WARNING Conexión perdida (transfer codings aren't supported); reintentando en 5s
2026-07-27 21:31:52,700 WARNING Conexión perdida (transfer codings aren't supported); reintentando en 5s
2026-07-27 21:31:58,005 INFO Conectado al servidor de impresión
2026-07-27 21:38:33,137 WARNING Conexión perdida (no close frame received or sent); reintentando en 5s
2026-07-27 21:38:38,523 WARNING Conexión perdida (transfer codings aren't supported); reintentando en 5s
2026-07-27 21:38:43,811 WARNING Conexión perdida (transfer codings aren't supported); reintentando en 5s
2026-07-27 21:38:49,108 WARNING Conexión perdida (transfer codings aren't supported); reintentando en 5s
2026-07-27 21:38:54,400 INFO Conectado al servidor de impresión
2026-07-27 22:44:36,358 WARNING Conexión perdida (no close frame received or sent); reintentando en 5s
2026-07-27 22:44:41,668 WARNING Conexión perdida (server rejected WebSocket connection: HTTP 404); reintentando en 5s
2026-07-27 22:44:46,917 WARNING Conexión perdida (server rejected WebSocket connection: HTTP 404); reintentando en 5s
2026-07-27 22:44:52,157 WARNING Conexión perdida (server rejected WebSocket connection: HTTP 404); reintentando en 5s
2026-07-27 22:44:57,387 WARNING Conexión perdida (server rejected WebSocket connection: HTTP 404); reintentando en 5s
2026-07-27 22:45:02,638 WARNING Conexión perdida (server rejected WebSocket connection: HTTP 404); reintentando en 5s
2026-07-27 22:45:07,897 WARNING Conexión perdida (server rejected WebSocket connection: HTTP 404); reintentando en 5s
2026-07-27 22:45:13,137 WARNING Conexión perdida (server rejected WebSocket connection: HTTP 404); reintentando en 5s
2026-07-27 22:45:18,372 WARNING Conexión perdida (server rejected WebSocket connection: HTTP 404); reintentando en 5s
2026-07-27 22:45:23,621 WARNING Conexión perdida (server rejected WebSocket connection: HTTP 404); reintentando en 5s
2026-07-27 22:45:28,870 WARNING Conexión perdida (server rejected WebSocket connection: HTTP 404); reintentando en 5s
2026-07-27 22:45:34,120 WARNING Conexión perdida (server rejected WebSocket connection: HTTP 404); reintentando en 5s
2026-07-27 22:45:39,357 WARNING Conexión perdida (server rejected WebSocket connection: HTTP 404); reintentando en 5s
2026-07-27 22:45:44,622 WARNING Conexión perdida (server rejected WebSocket connection: HTTP 404); reintentando en 5s
2026-07-27 22:45:49,851 WARNING Conexión perdida (server rejected WebSocket connection: HTTP 404); reintentando en 5s
2026-07-27 22:45:55,115 WARNING Conexión perdida (server rejected WebSocket connection: HTTP 404); reintentando en 5s
2026-07-27 22:46:00,355 WARNING Conexión perdida (server rejected WebSocket connection: HTTP 404); reintentando en 5s
2026-07-27 22:46:05,606 WARNING Conexión perdida (server rejected WebSocket connection: HTTP 404); reintentando en 5s
2026-07-27 22:46:10,857 WARNING Conexión perdida (server rejected WebSocket connection: HTTP 404); reintentando en 5s
2026-07-27 22:46:16,094 WARNING Conexión perdida (server rejected WebSocket connection: HTTP 404); reintentando en 5s
2026-07-27 22:46:21,334 WARNING Conexión perdida (server rejected WebSocket connection: HTTP 404); reintentando en 5s
2026-07-27 22:46:26,585 WARNING Conexión perdida (server rejected WebSocket connection: HTTP 404); reintentando en 5s
2026-07-27 22:46:31,817 WARNING Conexión perdida (server rejected WebSocket connection: HTTP 404); reintentando en 5s
2026-07-27 22:46:37,061 WARNING Conexión perdida (server rejected WebSocket connection: HTTP 404); reintentando en 5s
2026-07-27 22:46:42,293 WARNING Conexión perdida (server rejected WebSocket connection: HTTP 404); reintentando en 5s
2026-07-27 22:46:47,566 WARNING Conexión perdida (server rejected WebSocket connection: HTTP 404); reintentando en 5s
2026-07-27 22:46:52,804 WARNING Conexión perdida (server rejected WebSocket connection: HTTP 404); reintentando en 5s
2026-07-27 22:46:58,041 WARNING Conexión perdida (server rejected WebSocket connection: HTTP 404); reintentando en 5s
2026-07-27 22:47:03,274 WARNING Conexión perdida (server rejected WebSocket connection: HTTP 404); reintentando en 5s
2026-07-27 22:47:08,505 WARNING Conexión perdida (server rejected WebSocket connection: HTTP 404); reintentando en 5s
2026-07-27 22:47:13,742 WARNING Conexión perdida (server rejected WebSocket connection: HTTP 404); reintentando en 5s
2026-07-27 22:47:18,985 WARNING Conexión perdida (server rejected WebSocket connection: HTTP 404); reintentando en 5s
2026-07-27 22:47:24,226 WARNING Conexión perdida (server rejected WebSocket connection: HTTP 404); reintentando en 5s
2026-07-27 22:47:29,464 WARNING Conexión perdida (server rejected WebSocket connection: HTTP 404); reintentando en 5s
2026-07-27 22:47:34,694 WARNING Conexión perdida (server rejected WebSocket connection: HTTP 404); reintentando en 5s
2026-07-27 22:47:39,929 WARNING Conexión perdida (server rejected WebSocket connection: HTTP 404); reintentando en 5s
2026-07-27 22:47:45,176 WARNING Conexión perdida (server rejected WebSocket connection: HTTP 404); reintentando en 5s
2026-07-27 22:47:50,436 WARNING Conexión perdida (server rejected WebSocket connection: HTTP 404); reintentando en 5s
2026-07-27 22:47:55,663 WARNING Conexión perdida (server rejected WebSocket connection: HTTP 404); reintentando en 5s
2026-07-27 22:48:00,914 WARNING Conexión perdida (server rejected WebSocket connection: HTTP 404); reintentando en 5s
2026-07-27 22:48:06,151 WARNING Conexión perdida (server rejected WebSocket connection: HTTP 404); reintentando en 5s
2026-07-27 22:48:11,379 WARNING Conexión perdida (server rejected WebSocket connection: HTTP 404); reintentando en 5s
2026-07-27 22:48:16,596 WARNING Conexión perdida (server rejected WebSocket connection: HTTP 404); reintentando en 5s
2026-07-27 22:48:21,834 WARNING Conexión perdida (server rejected WebSocket connection: HTTP 404); reintentando en 5s
2026-07-27 22:48:27,073 WARNING Conexión perdida (server rejected WebSocket connection: HTTP 404); reintentando en 5s
2026-07-27 22:48:32,351 WARNING Conexión perdida (server rejected WebSocket connection: HTTP 404); reintentando en 5s
2026-07-27 22:48:37,583 WARNING Conexión perdida (server rejected WebSocket connection: HTTP 404); reintentando en 5s
2026-07-27 22:48:42,823 WARNING Conexión perdida (server rejected WebSocket connection: HTTP 404); reintentando en 5s
2026-07-27 22:48:48,065 WARNING Conexión perdida (server rejected WebSocket connection: HTTP 404); reintentando en 5s
2026-07-27 22:48:53,319 WARNING Conexión perdida (server rejected WebSocket connection: HTTP 404); reintentando en 5s
2026-07-27 22:48:58,526 WARNING Conexión perdida (server rejected WebSocket connection: HTTP 404); reintentando en 5s
2026-07-27 22:49:03,755 WARNING Conexión perdida (server rejected WebSocket connection: HTTP 404); reintentando en 5s
2026-07-27 22:49:08,991 WARNING Conexión perdida (server rejected WebSocket connection: HTTP 404); reintentando en 5s
2026-07-27 22:49:14,230 WARNING Conexión perdida (server rejected WebSocket connection: HTTP 404); reintentando en 5s
2026-07-27 22:49:19,469 WARNING Conexión perdida (server rejected WebSocket connection: HTTP 404); reintentando en 5s
2026-07-27 22:49:24,695 WARNING Conexión perdida (server rejected WebSocket connection: HTTP 404); reintentando en 5s
2026-07-27 22:49:29,937 WARNING Conexión perdida (server rejected WebSocket connection: HTTP 404); reintentando en 5s
2026-07-27 22:49:35,189 WARNING Conexión perdida (server rejected WebSocket connection: HTTP 404); reintentando en 5s
2026-07-27 22:49:40,426 WARNING Conexión perdida (server rejected WebSocket connection: HTTP 404); reintentando en 5s
2026-07-27 22:49:45,665 WARNING Conexión perdida (server rejected WebSocket connection: HTTP 404); reintentando en 5s
2026-07-27 22:49:50,886 WARNING Conexión perdida (server rejected WebSocket connection: HTTP 404); reintentando en 5s
2026-07-27 22:49:56,136 WARNING Conexión perdida (server rejected WebSocket connection: HTTP 404); reintentando en 5s
2026-07-27 22:50:01,386 WARNING Conexión perdida (server rejected WebSocket connection: HTTP 404); reintentando en 5s
2026-07-27 22:50:06,615 WARNING Conexión perdida (server rejected WebSocket connection: HTTP 404); reintentando en 5s
2026-07-27 22:50:11,859 WARNING Conexión perdida (server rejected WebSocket connection: HTTP 404); reintentando en 5s
2026-07-27 22:50:17,095 WARNING Conexión perdida (server rejected WebSocket connection: HTTP 404); reintentando en 5s
2026-07-27 22:50:22,344 WARNING Conexión perdida (server rejected WebSocket connection: HTTP 404); reintentando en 5s
2026-07-27 22:50:27,579 WARNING Conexión perdida (server rejected WebSocket connection: HTTP 404); reintentando en 5s
2026-07-27 22:50:32,814 WARNING Conexión perdida (server rejected WebSocket connection: HTTP 404); reintentando en 5s
2026-07-27 22:50:38,049 WARNING Conexión perdida (server rejected WebSocket connection: HTTP 404); reintentando en 5s
2026-07-27 22:50:43,286 WARNING Conexión perdida (server rejected WebSocket connection: HTTP 404); reintentando en 5s
2026-07-27 22:50:48,532 WARNING Conexión perdida (server rejected WebSocket connection: HTTP 404); reintentando en 5s
2026-07-27 22:50:53,779 WARNING Conexión perdida (server rejected WebSocket connection: HTTP 404); reintentando en 5s
2026-07-27 22:50:59,064 WARNING Conexión perdida (server rejected WebSocket connection: HTTP 404); reintentando en 5s
2026-07-27 22:51:04,297 WARNING Conexión perdida (server rejected WebSocket connection: HTTP 404); reintentando en 5s
2026-07-27 22:51:09,525 WARNING Conexión perdida (server rejected WebSocket connection: HTTP 404); reintentando en 5s
2026-07-27 22:51:14,763 WARNING Conexión perdida (server rejected WebSocket connection: HTTP 404); reintentando en 5s
2026-07-27 22:51:20,008 WARNING Conexión perdida (server rejected WebSocket connection: HTTP 404); reintentando en 5s
2026-07-27 22:51:25,252 WARNING Conexión perdida (server rejected WebSocket connection: HTTP 404); reintentando en 5s
2026-07-27 22:51:30,497 WARNING Conexión perdida (server rejected WebSocket connection: HTTP 404); reintentando en 5s
2026-07-27 22:51:35,747 WARNING Conexión perdida (server rejected WebSocket connection: HTTP 404); reintentando en 5s
2026-07-27 22:51:41,009 WARNING Conexión perdida (server rejected WebSocket connection: HTTP 404); reintentando en 5s
2026-07-27 22:51:46,244 WARNING Conexión perdida (server rejected WebSocket connection: HTTP 404); reintentando en 5s
2026-07-27 22:51:51,486 WARNING Conexión perdida (server rejected WebSocket connection: HTTP 404); reintentando en 5s
2026-07-27 22:51:56,734 WARNING Conexión perdida (server rejected WebSocket connection: HTTP 404); reintentando en 5s
2026-07-27 22:52:01,981 WARNING Conexión perdida (server rejected WebSocket connection: HTTP 404); reintentando en 5s
2026-07-27 22:52:07,221 WARNING Conexión perdida (server rejected WebSocket connection: HTTP 404); reintentando en 5s
2026-07-27 22:52:12,463 WARNING Conexión perdida (server rejected WebSocket connection: HTTP 404); reintentando en 5s
2026-07-27 22:52:17,706 WARNING Conexión perdida (server rejected WebSocket connection: HTTP 404); reintentando en 5s
2026-07-27 22:52:22,952 WARNING Conexión perdida (server rejected WebSocket connection: HTTP 404); reintentando en 5s
2026-07-27 22:52:28,180 WARNING Conexión perdida (server rejected WebSocket connection: HTTP 404); reintentando en 5s
2026-07-27 22:52:33,414 WARNING Conexión perdida (server rejected WebSocket connection: HTTP 404); reintentando en 5s
2026-07-27 22:52:38,670 WARNING Conexión perdida (server rejected WebSocket connection: HTTP 404); reintentando en 5s
2026-07-27 22:52:43,899 WARNING Conexión perdida (server rejected WebSocket connection: HTTP 404); reintentando en 5s
2026-07-27 22:52:49,149 WARNING Conexión perdida (server rejected WebSocket connection: HTTP 404); reintentando en 5s
2026-07-27 22:52:54,392 WARNING Conexión perdida (server rejected WebSocket connection: HTTP 404); reintentando en 5s
2026-07-27 22:52:59,640 WARNING Conexión perdida (server rejected WebSocket connection: HTTP 404); reintentando en 5s
2026-07-27 22:53:04,867 WARNING Conexión perdida (server rejected WebSocket connection: HTTP 404); reintentando en 5s
2026-07-27 22:53:10,103 WARNING Conexión perdida (server rejected WebSocket connection: HTTP 404); reintentando en 5s
2026-07-27 22:53:15,333 WARNING Conexión perdida (server rejected WebSocket connection: HTTP 404); reintentando en 5s
2026-07-27 22:53:20,564 WARNING Conexión perdida (server rejected WebSocket connection: HTTP 404); reintentando en 5s
2026-07-27 22:53:25,786 WARNING Conexión perdida (server rejected WebSocket connection: HTTP 404); reintentando en 5s
2026-07-27 22:53:31,010 WARNING Conexión perdida (server rejected WebSocket connection: HTTP 404); reintentando en 5s
2026-07-27 22:53:36,241 WARNING Conexión perdida (server rejected WebSocket connection: HTTP 404); reintentando en 5s
2026-07-27 22:53:41,464 WARNING Conexión perdida (server rejected WebSocket connection: HTTP 404); reintentando en 5s
2026-07-27 22:53:46,685 WARNING Conexión perdida (server rejected WebSocket connection: HTTP 404); reintentando en 5s
2026-07-27 22:53:51,923 WARNING Conexión perdida (server rejected WebSocket connection: HTTP 404); reintentando en 5s
2026-07-27 22:53:57,163 WARNING Conexión perdida (server rejected WebSocket connection: HTTP 404); reintentando en 5s
2026-07-27 22:54:02,383 WARNING Conexión perdida (server rejected WebSocket connection: HTTP 404); reintentando en 5s
2026-07-27 22:54:07,631 WARNING Conexión perdida (server rejected WebSocket connection: HTTP 404); reintentando en 5s
2026-07-27 22:54:12,892 WARNING Conexión perdida (server rejected WebSocket connection: HTTP 404); reintentando en 5s
2026-07-27 22:54:18,153 WARNING Conexión perdida (server rejected WebSocket connection: HTTP 404); reintentando en 5s
2026-07-27 22:54:23,406 WARNING Conexión perdida (server rejected WebSocket connection: HTTP 404); reintentando en 5s
2026-07-27 22:54:28,665 WARNING Conexión perdida (server rejected WebSocket connection: HTTP 404); reintentando en 5s
2026-07-27 22:54:33,900 WARNING Conexión perdida (server rejected WebSocket connection: HTTP 404); reintentando en 5s
2026-07-27 22:54:39,135 WARNING Conexión perdida (server rejected WebSocket connection: HTTP 404); reintentando en 5s
2026-07-27 22:54:44,369 WARNING Conexión perdida (server rejected WebSocket connection: HTTP 404); reintentando en 5s
2026-07-27 22:54:49,601 WARNING Conexión perdida (server rejected WebSocket connection: HTTP 404); reintentando en 5s
2026-07-27 22:54:54,818 WARNING Conexión perdida (server rejected WebSocket connection: HTTP 404); reintentando en 5s
2026-07-27 22:55:00,057 WARNING Conexión perdida (server rejected WebSocket connection: HTTP 404); reintentando en 5s
2026-07-27 22:55:05,293 WARNING Conexión perdida (server rejected WebSocket connection: HTTP 404); reintentando en 5s
2026-07-27 22:55:10,549 WARNING Conexión perdida (server rejected WebSocket connection: HTTP 404); reintentando en 5s
2026-07-27 22:55:15,820 WARNING Conexión perdida (server rejected WebSocket connection: HTTP 404); reintentando en 5s
2026-07-27 22:55:21,048 WARNING Conexión perdida (server rejected WebSocket connection: HTTP 404); reintentando en 5s
2026-07-27 22:55:26,280 WARNING Conexión perdida (server rejected WebSocket connection: HTTP 404); reintentando en 5s
2026-07-27 22:55:31,516 WARNING Conexión perdida (server rejected WebSocket connection: HTTP 404); reintentando en 5s
2026-07-27 22:55:36,756 WARNING Conexión perdida (server rejected WebSocket connection: HTTP 404); reintentando en 5s
2026-07-27 22:55:41,988 WARNING Conexión perdida (server rejected WebSocket connection: HTTP 404); reintentando en 5s
2026-07-27 22:55:47,217 WARNING Conexión perdida (server rejected WebSocket connection: HTTP 404); reintentando en 5s
2026-07-27 22:55:52,447 WARNING Conexión perdida (server rejected WebSocket connection: HTTP 404); reintentando en 5s
2026-07-27 22:55:57,708 WARNING Conexión perdida (server rejected WebSocket connection: HTTP 404); reintentando en 5s
2026-07-27 22:56:02,952 WARNING Conexión perdida (server rejected WebSocket connection: HTTP 404); reintentando en 5s
2026-07-27 22:56:08,182 WARNING Conexión perdida (server rejected WebSocket connection: HTTP 404); reintentando en 5s
2026-07-27 22:56:13,442 WARNING Conexión perdida (server rejected WebSocket connection: HTTP 404); reintentando en 5s
2026-07-27 22:56:18,677 WARNING Conexión perdida (server rejected WebSocket connection: HTTP 404); reintentando en 5s
2026-07-27 22:56:23,909 WARNING Conexión perdida (server rejected WebSocket connection: HTTP 404); reintentando en 5s
2026-07-27 22:56:29,156 WARNING Conexión perdida (server rejected WebSocket connection: HTTP 404); reintentando en 5s
2026-07-27 22:56:34,390 WARNING Conexión perdida (server rejected WebSocket connection: HTTP 404); reintentando en 5s
2026-07-27 22:56:39,633 WARNING Conexión perdida (server rejected WebSocket connection: HTTP 404); reintentando en 5s
2026-07-27 22:56:44,880 WARNING Conexión perdida (server rejected WebSocket connection: HTTP 404); reintentando en 5s
2026-07-27 22:56:50,107 WARNING Conexión perdida (server rejected WebSocket connection: HTTP 404); reintentando en 5s
2026-07-27 22:56:55,338 WARNING Conexión perdida (server rejected WebSocket connection: HTTP 404); reintentando en 5s
2026-07-27 22:57:00,593 WARNING Conexión perdida (server rejected WebSocket connection: HTTP 404); reintentando en 5s
2026-07-27 22:57:05,843 WARNING Conexión perdida (server rejected WebSocket connection: HTTP 404); reintentando en 5s
2026-07-27 22:57:11,084 WARNING Conexión perdida (server rejected WebSocket connection: HTTP 404); reintentando en 5s
2026-07-27 22:57:16,357 WARNING Conexión perdida (server rejected WebSocket connection: HTTP 404); reintentando en 5s
2026-07-27 22:57:21,592 WARNING Conexión perdida (server rejected WebSocket connection: HTTP 404); reintentando en 5s
2026-07-27 22:57:26,823 WARNING Conexión perdida (server rejected WebSocket connection: HTTP 404); reintentando en 5s
2026-07-27 22:57:32,055 WARNING Conexión perdida (server rejected WebSocket connection: HTTP 404); reintentando en 5s
2026-07-27 22:57:37,299 WARNING Conexión perdida (server rejected WebSocket connection: HTTP 404); reintentando en 5s
2026-07-27 22:57:42,547 WARNING Conexión perdida (server rejected WebSocket connection: HTTP 404); reintentando en 5s
2026-07-27 22:57:47,790 WARNING Conexión perdida (server rejected WebSocket connection: HTTP 404); reintentando en 5s
2026-07-27 22:57:53,023 WARNING Conexión perdida (server rejected WebSocket connection: HTTP 404); reintentando en 5s
2026-07-27 22:57:58,251 WARNING Conexión perdida (server rejected WebSocket connection: HTTP 404); reintentando en 5s
2026-07-27 22:58:03,509 WARNING Conexión perdida (server rejected WebSocket connection: HTTP 404); reintentando en 5s
2026-07-27 22:58:08,740 WARNING Conexión perdida (server rejected WebSocket connection: HTTP 404); reintentando en 5s
2026-07-27 22:58:14,007 WARNING Conexión perdida (server rejected WebSocket connection: HTTP 404); reintentando en 5s
2026-07-27 22:58:19,271 WARNING Conexión perdida (server rejected WebSocket connection: HTTP 404); reintentando en 5s
2026-07-27 22:58:24,516 WARNING Conexión perdida (server rejected WebSocket connection: HTTP 404); reintentando en 5s
2026-07-27 22:58:29,761 WARNING Conexión perdida (server rejected WebSocket connection: HTTP 404); reintentando en 5s
2026-07-27 22:58:35,010 WARNING Conexión perdida (server rejected WebSocket connection: HTTP 404); reintentando en 5s
2026-07-27 22:58:40,260 WARNING Conexión perdida (server rejected WebSocket connection: HTTP 404); reintentando en 5s
2026-07-27 22:58:45,502 WARNING Conexión perdida (server rejected WebSocket connection: HTTP 404); reintentando en 5s
2026-07-27 22:58:50,749 WARNING Conexión perdida (server rejected WebSocket connection: HTTP 404); reintentando en 5s
2026-07-27 22:58:56,003 WARNING Conexión perdida (server rejected WebSocket connection: HTTP 404); reintentando en 5s
2026-07-27 22:59:01,253 WARNING Conexión perdida (server rejected WebSocket connection: HTTP 404); reintentando en 5s
2026-07-27 22:59:06,491 WARNING Conexión perdida (server rejected WebSocket connection: HTTP 404); reintentando en 5s
2026-07-27 22:59:11,719 WARNING Conexión perdida (server rejected WebSocket connection: HTTP 404); reintentando en 5s
2026-07-27 22:59:16,962 WARNING Conexión perdida (server rejected WebSocket connection: HTTP 404); reintentando en 5s
2026-07-27 22:59:22,243 WARNING Conexión perdida (server rejected WebSocket connection: HTTP 404); reintentando en 5s
2026-07-27 22:59:27,483 WARNING Conexión perdida (server rejected WebSocket connection: HTTP 404); reintentando en 5s
2026-07-27 22:59:32,737 WARNING Conexión perdida (server rejected WebSocket connection: HTTP 404); reintentando en 5s
2026-07-27 22:59:37,991 WARNING Conexión perdida (server rejected WebSocket connection: HTTP 404); reintentando en 5s
2026-07-27 22:59:43,229 WARNING Conexión perdida (server rejected WebSocket connection: HTTP 404); reintentando en 5s
2026-07-27 22:59:48,462 WARNING Conexión perdida (server rejected WebSocket connection: HTTP 404); reintentando en 5s
2026-07-27 22:59:53,710 WARNING Conexión perdida (server rejected WebSocket connection: HTTP 404); reintentando en 5s
2026-07-27 22:59:58,958 WARNING Conexión perdida (server rejected WebSocket connection: HTTP 404); reintentando en 5s
2026-07-27 23:00:04,208 WARNING Conexión perdida (server rejected WebSocket connection: HTTP 404); reintentando en 5s
2026-07-27 23:00:09,443 WARNING Conexión perdida (server rejected WebSocket connection: HTTP 404); reintentando en 5s
2026-07-27 23:00:14,693 WARNING Conexión perdida (server rejected WebSocket connection: HTTP 404); reintentando en 5s
2026-07-27 23:00:19,975 WARNING Conexión perdida (server rejected WebSocket connection: HTTP 404); reintentando en 5s
2026-07-27 23:00:25,250 WARNING Conexión perdida (server rejected WebSocket connection: HTTP 404); reintentando en 5s
2026-07-27 23:00:30,472 WARNING Conexión perdida (server rejected WebSocket connection: HTTP 404); reintentando en 5s
2026-07-27 23:00:35,718 WARNING Conexión perdida (server rejected WebSocket connection: HTTP 404); reintentando en 5s
2026-07-27 23:00:40,942 WARNING Conexión perdida (server rejected WebSocket connection: HTTP 404); reintentando en 5s
2026-07-27 23:00:46,171 WARNING Conexión perdida (server rejected WebSocket connection: HTTP 404); reintentando en 5s
2026-07-27 23:00:51,410 WARNING Conexión perdida (server rejected WebSocket connection: HTTP 404); reintentando en 5s
2026-07-27 23:00:56,658 WARNING Conexión perdida (server rejected WebSocket connection: HTTP 404); reintentando en 5s
2026-07-27 23:01:01,877 WARNING Conexión perdida (server rejected WebSocket connection: HTTP 404); reintentando en 5s
2026-07-27 23:01:07,121 WARNING Conexión perdida (server rejected WebSocket connection: HTTP 404); reintentando en 5s
2026-07-27 23:01:12,351 WARNING Conexión perdida (server rejected WebSocket connection: HTTP 404); reintentando en 5s
2026-07-27 23:01:17,580 WARNING Conexión perdida (server rejected WebSocket connection: HTTP 404); reintentando en 5s
2026-07-27 23:01:22,821 WARNING Conexión perdida (server rejected WebSocket connection: HTTP 404); reintentando en 5s
2026-07-27 23:01:28,072 WARNING Conexión perdida (server rejected WebSocket connection: HTTP 404); reintentando en 5s
2026-07-27 23:01:33,302 WARNING Conexión perdida (server rejected WebSocket connection: HTTP 404); reintentando en 5s
2026-07-27 23:01:38,533 WARNING Conexión perdida (server rejected WebSocket connection: HTTP 404); reintentando en 5s
2026-07-27 23:01:43,773 WARNING Conexión perdida (server rejected WebSocket connection: HTTP 404); reintentando en 5s
2026-07-27 23:01:49,022 WARNING Conexión perdida (server rejected WebSocket connection: HTTP 404); reintentando en 5s
2026-07-27 23:01:54,277 WARNING Conexión perdida (server rejected WebSocket connection: HTTP 404); reintentando en 5s
2026-07-27 23:01:59,500 WARNING Conexión perdida (server rejected WebSocket connection: HTTP 404); reintentando en 5s
2026-07-27 23:02:04,747 WARNING Conexión perdida (server rejected WebSocket connection: HTTP 404); reintentando en 5s
2026-07-27 23:02:09,990 WARNING Conexión perdida (server rejected WebSocket connection: HTTP 404); reintentando en 5s
2026-07-27 23:02:15,230 WARNING Conexión perdida (server rejected WebSocket connection: HTTP 404); reintentando en 5s
2026-07-27 23:02:20,461 WARNING Conexión perdida (server rejected WebSocket connection: HTTP 404); reintentando en 5s
2026-07-27 23:02:25,682 WARNING Conexión perdida (server rejected WebSocket connection: HTTP 404); reintentando en 5s
2026-07-27 23:02:30,935 WARNING Conexión perdida (server rejected WebSocket connection: HTTP 404); reintentando en 5s
2026-07-27 23:02:36,177 WARNING Conexión perdida (server rejected WebSocket connection: HTTP 404); reintentando en 5s
2026-07-27 23:02:41,411 WARNING Conexión perdida (server rejected WebSocket connection: HTTP 404); reintentando en 5s
2026-07-27 23:02:46,654 WARNING Conexión perdida (server rejected WebSocket connection: HTTP 404); reintentando en 5s
2026-07-27 23:02:51,904 WARNING Conexión perdida (server rejected WebSocket connection: HTTP 404); reintentando en 5s
2026-07-27 23:02:57,144 WARNING Conexión perdida (server rejected WebSocket connection: HTTP 404); reintentando en 5s
2026-07-27 23:03:02,399 WARNING Conexión perdida (server rejected WebSocket connection: HTTP 404); reintentando en 5s
2026-07-27 23:03:07,625 WARNING Conexión perdida (server rejected WebSocket connection: HTTP 404); reintentando en 5s
2026-07-27 23:03:12,871 WARNING Conexión perdida (server rejected WebSocket connection: HTTP 404); reintentando en 5s
2026-07-27 23:03:18,112 WARNING Conexión perdida (server rejected WebSocket connection: HTTP 404); reintentando en 5s
2026-07-27 23:03:23,339 WARNING Conexión perdida (server rejected WebSocket connection: HTTP 404); reintentando en 5s
2026-07-27 23:03:28,601 WARNING Conexión perdida (server rejected WebSocket connection: HTTP 404); reintentando en 5s
2026-07-27 23:03:33,849 WARNING Conexión perdida (server rejected WebSocket connection: HTTP 404); reintentando en 5s
2026-07-27 23:03:39,068 WARNING Conexión perdida (server rejected WebSocket connection: HTTP 404); reintentando en 5s
2026-07-27 23:03:44,297 WARNING Conexión perdida (server rejected WebSocket connection: HTTP 404); reintentando en 5s
2026-07-27 23:03:49,558 WARNING Conexión perdida (server rejected WebSocket connection: HTTP 404); reintentando en 5s
2026-07-27 23:03:54,778 WARNING Conexión perdida (server rejected WebSocket connection: HTTP 404); reintentando en 5s
2026-07-27 23:04:00,008 WARNING Conexión perdida (server rejected WebSocket connection: HTTP 404); reintentando en 5s
2026-07-27 23:04:05,266 WARNING Conexión perdida (server rejected WebSocket connection: HTTP 404); reintentando en 5s
2026-07-27 23:04:10,499 WARNING Conexión perdida (server rejected WebSocket connection: HTTP 404); reintentando en 5s
2026-07-27 23:04:15,758 WARNING Conexión perdida (server rejected WebSocket connection: HTTP 404); reintentando en 5s
2026-07-27 23:04:21,016 WARNING Conexión perdida (server rejected WebSocket connection: HTTP 404); reintentando en 5s
2026-07-27 23:04:26,253 WARNING Conexión perdida (server rejected WebSocket connection: HTTP 404); reintentando en 5s
2026-07-27 23:04:31,497 WARNING Conexión perdida (server rejected WebSocket connection: HTTP 404); reintentando en 5s
2026-07-27 23:04:36,759 WARNING Conexión perdida (server rejected WebSocket connection: HTTP 404); reintentando en 5s
2026-07-27 23:04:42,011 WARNING Conexión perdida (server rejected WebSocket connection: HTTP 404); reintentando en 5s
2026-07-27 23:04:47,252 WARNING Conexión perdida (server rejected WebSocket connection: HTTP 404); reintentando en 5s
2026-07-27 23:04:52,512 WARNING Conexión perdida (server rejected WebSocket connection: HTTP 404); reintentando en 5s
2026-07-27 23:04:57,744 WARNING Conexión perdida (server rejected WebSocket connection: HTTP 404); reintentando en 5s
2026-07-27 23:05:02,972 WARNING Conexión perdida (server rejected WebSocket connection: HTTP 404); reintentando en 5s
2026-07-27 23:05:08,215 WARNING Conexión perdida (server rejected WebSocket connection: HTTP 404); reintentando en 5s
2026-07-27 23:05:13,472 WARNING Conexión perdida (server rejected WebSocket connection: HTTP 404); reintentando en 5s
2026-07-27 23:05:18,698 WARNING Conexión perdida (server rejected WebSocket connection: HTTP 404); reintentando en 5s
2026-07-27 23:05:23,942 WARNING Conexión perdida (server rejected WebSocket connection: HTTP 404); reintentando en 5s
2026-07-27 23:05:29,182 WARNING Conexión perdida (server rejected WebSocket connection: HTTP 404); reintentando en 5s
2026-07-27 23:05:34,417 WARNING Conexión perdida (server rejected WebSocket connection: HTTP 404); reintentando en 5s
2026-07-27 23:05:39,683 WARNING Conexión perdida (server rejected WebSocket connection: HTTP 404); reintentando en 5s
2026-07-27 23:05:44,925 WARNING Conexión perdida (server rejected WebSocket connection: HTTP 404); reintentando en 5s
2026-07-27 23:05:50,170 WARNING Conexión perdida (server rejected WebSocket connection: HTTP 404); reintentando en 5s
2026-07-27 23:05:55,415 WARNING Conexión perdida (server rejected WebSocket connection: HTTP 404); reintentando en 5s
2026-07-27 23:06:00,665 WARNING Conexión perdida (server rejected WebSocket connection: HTTP 404); reintentando en 5s
2026-07-27 23:06:05,912 WARNING Conexión perdida (server rejected WebSocket connection: HTTP 404); reintentando en 5s
2026-07-27 23:06:11,171 WARNING Conexión perdida (server rejected WebSocket connection: HTTP 404); reintentando en 5s
2026-07-27 23:06:16,406 WARNING Conexión perdida (server rejected WebSocket connection: HTTP 404); reintentando en 5s
2026-07-27 23:06:21,655 WARNING Conexión perdida (server rejected WebSocket connection: HTTP 404); reintentando en 5s
2026-07-27 23:06:26,907 WARNING Conexión perdida (server rejected WebSocket connection: HTTP 404); reintentando en 5s
2026-07-27 23:06:32,160 WARNING Conexión perdida (server rejected WebSocket connection: HTTP 404); reintentando en 5s
2026-07-27 23:06:37,396 WARNING Conexión perdida (server rejected WebSocket connection: HTTP 404); reintentando en 5s
2026-07-27 23:06:42,723 WARNING Conexión perdida (server rejected WebSocket connection: HTTP 404); reintentando en 5s
2026-07-27 23:06:47,962 WARNING Conexión perdida (server rejected WebSocket connection: HTTP 404); reintentando en 5s
2026-07-27 23:06:53,221 WARNING Conexión perdida (server rejected WebSocket connection: HTTP 404); reintentando en 5s
2026-07-27 23:06:58,450 WARNING Conexión perdida (server rejected WebSocket connection: HTTP 404); reintentando en 5s
2026-07-27 23:07:03,697 WARNING Conexión perdida (server rejected WebSocket connection: HTTP 404); reintentando en 5s
2026-07-27 23:07:08,927 WARNING Conexión perdida (server rejected WebSocket connection: HTTP 404); reintentando en 5s
2026-07-27 23:07:14,160 WARNING Conexión perdida (server rejected WebSocket connection: HTTP 404); reintentando en 5s
2026-07-27 23:07:19,409 WARNING Conexión perdida (server rejected WebSocket connection: HTTP 404); reintentando en 5s
2026-07-27 23:07:24,666 WARNING Conexión perdida (server rejected WebSocket connection: HTTP 404); reintentando en 5s
2026-07-27 23:07:29,895 WARNING Conexión perdida (server rejected WebSocket connection: HTTP 404); reintentando en 5s
2026-07-27 23:07:35,125 WARNING Conexión perdida (server rejected WebSocket connection: HTTP 404); reintentando en 5s
2026-07-27 23:07:40,375 WARNING Conexión perdida (server rejected WebSocket connection: HTTP 404); reintentando en 5s
2026-07-27 23:07:45,624 WARNING Conexión perdida (server rejected WebSocket connection: HTTP 404); reintentando en 5s
2026-07-27 23:07:50,861 WARNING Conexión perdida (server rejected WebSocket connection: HTTP 404); reintentando en 5s
2026-07-27 23:07:56,101 WARNING Conexión perdida (server rejected WebSocket connection: HTTP 404); reintentando en 5s
2026-07-27 23:08:01,350 WARNING Conexión perdida (server rejected WebSocket connection: HTTP 404); reintentando en 5s
2026-07-27 23:08:06,581 WARNING Conexión perdida (server rejected WebSocket connection: HTTP 404); reintentando en 5s
2026-07-27 23:08:11,804 WARNING Conexión perdida (server rejected WebSocket connection: HTTP 404); reintentando en 5s
2026-07-27 23:08:17,034 WARNING Conexión perdida (server rejected WebSocket connection: HTTP 404); reintentando en 5s
2026-07-27 23:08:22,289 WARNING Conexión perdida (server rejected WebSocket connection: HTTP 404); reintentando en 5s
2026-07-27 23:08:27,528 WARNING Conexión perdida (server rejected WebSocket connection: HTTP 404); reintentando en 5s
2026-07-27 23:08:32,768 WARNING Conexión perdida (server rejected WebSocket connection: HTTP 404); reintentando en 5s
2026-07-27 23:08:37,993 WARNING Conexión perdida (server rejected WebSocket connection: HTTP 404); reintentando en 5s
2026-07-27 23:08:43,224 WARNING Conexión perdida (server rejected WebSocket connection: HTTP 404); reintentando en 5s
2026-07-27 23:08:48,484 WARNING Conexión perdida (server rejected WebSocket connection: HTTP 404); reintentando en 5s
2026-07-27 23:08:53,715 WARNING Conexión perdida (server rejected WebSocket connection: HTTP 404); reintentando en 5s
2026-07-27 23:08:58,966 WARNING Conexión perdida (server rejected WebSocket connection: HTTP 404); reintentando en 5s
2026-07-27 23:09:04,207 WARNING Conexión perdida (server rejected WebSocket connection: HTTP 404); reintentando en 5s
2026-07-27 23:09:09,725 WARNING Conexión perdida (server rejected WebSocket connection: HTTP 404); reintentando en 5s
2026-07-27 23:09:14,960 WARNING Conexión perdida (server rejected WebSocket connection: HTTP 404); reintentando en 5s
2026-07-27 23:09:20,192 WARNING Conexión perdida (server rejected WebSocket connection: HTTP 404); reintentando en 5s
2026-07-27 23:09:25,431 WARNING Conexión perdida (server rejected WebSocket connection: HTTP 404); reintentando en 5s
2026-07-27 23:09:30,667 WARNING Conexión perdida (server rejected WebSocket connection: HTTP 404); reintentando en 5s
2026-07-27 23:09:35,910 WARNING Conexión perdida (server rejected WebSocket connection: HTTP 404); reintentando en 5s
2026-07-27 23:09:41,135 WARNING Conexión perdida (server rejected WebSocket connection: HTTP 404); reintentando en 5s
2026-07-27 23:09:46,365 WARNING Conexión perdida (server rejected WebSocket connection: HTTP 404); reintentando en 5s
2026-07-27 23:09:51,611 WARNING Conexión perdida (server rejected WebSocket connection: HTTP 404); reintentando en 5s
2026-07-27 23:09:56,857 WARNING Conexión perdida (server rejected WebSocket connection: HTTP 404); reintentando en 5s
2026-07-27 23:10:02,091 WARNING Conexión perdida (server rejected WebSocket connection: HTTP 404); reintentando en 5s
2026-07-27 23:10:07,311 WARNING Conexión perdida (server rejected WebSocket connection: HTTP 404); reintentando en 5s
2026-07-27 23:10:12,562 WARNING Conexión perdida (server rejected WebSocket connection: HTTP 404); reintentando en 5s
2026-07-27 23:10:17,816 WARNING Conexión perdida (server rejected WebSocket connection: HTTP 404); reintentando en 5s
2026-07-27 23:10:23,063 WARNING Conexión perdida (server rejected WebSocket connection: HTTP 404); reintentando en 5s
2026-07-27 23:10:28,293 WARNING Conexión perdida (server rejected WebSocket connection: HTTP 404); reintentando en 5s
2026-07-27 23:10:33,533 WARNING Conexión perdida (server rejected WebSocket connection: HTTP 404); reintentando en 5s
2026-07-27 23:10:38,774 WARNING Conexión perdida (server rejected WebSocket connection: HTTP 404); reintentando en 5s
2026-07-27 23:10:44,011 WARNING Conexión perdida (server rejected WebSocket connection: HTTP 404); reintentando en 5s
2026-07-27 23:10:49,243 WARNING Conexión perdida (server rejected WebSocket connection: HTTP 404); reintentando en 5s
2026-07-27 23:10:54,494 WARNING Conexión perdida (server rejected WebSocket connection: HTTP 404); reintentando en 5s
2026-07-27 23:10:59,733 WARNING Conexión perdida (server rejected WebSocket connection: HTTP 404); reintentando en 5s
2026-07-27 23:11:04,972 WARNING Conexión perdida (server rejected WebSocket connection: HTTP 404); reintentando en 5s
2026-07-27 23:11:10,212 WARNING Conexión perdida (server rejected WebSocket connection: HTTP 404); reintentando en 5s
2026-07-27 23:11:15,465 WARNING Conexión perdida (server rejected WebSocket connection: HTTP 404); reintentando en 5s
2026-07-27 23:11:20,722 WARNING Conexión perdida (server rejected WebSocket connection: HTTP 404); reintentando en 5s
2026-07-27 23:11:25,972 WARNING Conexión perdida (server rejected WebSocket connection: HTTP 404); reintentando en 5s
2026-07-27 23:11:31,199 WARNING Conexión perdida (server rejected WebSocket connection: HTTP 404); reintentando en 5s
2026-07-27 23:11:36,434 WARNING Conexión perdida (server rejected WebSocket connection: HTTP 404); reintentando en 5s
2026-07-27 23:11:41,693 WARNING Conexión perdida (server rejected WebSocket connection: HTTP 404); reintentando en 5s
2026-07-27 23:11:46,933 WARNING Conexión perdida (server rejected WebSocket connection: HTTP 404); reintentando en 5s
2026-07-27 23:11:52,181 WARNING Conexión perdida (server rejected WebSocket connection: HTTP 404); reintentando en 5s
2026-07-27 23:11:57,449 WARNING Conexión perdida (server rejected WebSocket connection: HTTP 404); reintentando en 5s
2026-07-27 23:12:02,697 WARNING Conexión perdida (server rejected WebSocket connection: HTTP 404); reintentando en 5s
2026-07-27 23:12:07,926 WARNING Conexión perdida (server rejected WebSocket connection: HTTP 404); reintentando en 5s
2026-07-27 23:12:13,167 WARNING Conexión perdida (server rejected WebSocket connection: HTTP 404); reintentando en 5s
2026-07-27 23:12:18,402 WARNING Conexión perdida (server rejected WebSocket connection: HTTP 404); reintentando en 5s
2026-07-27 23:12:23,644 WARNING Conexión perdida (server rejected WebSocket connection: HTTP 404); reintentando en 5s
2026-07-27 23:12:28,892 WARNING Conexión perdida (server rejected WebSocket connection: HTTP 404); reintentando en 5s
2026-07-27 23:12:34,147 WARNING Conexión perdida (server rejected WebSocket connection: HTTP 404); reintentando en 5s
2026-07-27 23:12:39,387 WARNING Conexión perdida (server rejected WebSocket connection: HTTP 404); reintentando en 5s
2026-07-27 23:12:44,626 WARNING Conexión perdida (server rejected WebSocket connection: HTTP 404); reintentando en 5s
2026-07-27 23:12:49,867 WARNING Conexión perdida (server rejected WebSocket connection: HTTP 404); reintentando en 5s
2026-07-27 23:12:55,120 WARNING Conexión perdida (server rejected WebSocket connection: HTTP 404); reintentando en 5s
2026-07-27 23:13:00,354 WARNING Conexión perdida (server rejected WebSocket connection: HTTP 404); reintentando en 5s
2026-07-27 23:13:05,607 WARNING Conexión perdida (server rejected WebSocket connection: HTTP 404); reintentando en 5s
2026-07-27 23:13:10,873 WARNING Conexión perdida (server rejected WebSocket connection: HTTP 404); reintentando en 5s
2026-07-27 23:13:16,113 WARNING Conexión perdida (server rejected WebSocket connection: HTTP 404); reintentando en 5s
2026-07-27 23:13:21,354 WARNING Conexión perdida (server rejected WebSocket connection: HTTP 404); reintentando en 5s
2026-07-27 23:13:26,583 WARNING Conexión perdida (server rejected WebSocket connection: HTTP 404); reintentando en 5s
2026-07-27 23:13:31,824 WARNING Conexión perdida (server rejected WebSocket connection: HTTP 404); reintentando en 5s
2026-07-27 23:13:37,062 WARNING Conexión perdida (server rejected WebSocket connection: HTTP 404); reintentando en 5s
2026-07-27 23:13:42,302 WARNING Conexión perdida (server rejected WebSocket connection: HTTP 404); reintentando en 5s
2026-07-27 23:13:47,541 WARNING Conexión perdida (server rejected WebSocket connection: HTTP 404); reintentando en 5s
2026-07-27 23:13:52,803 WARNING Conexión perdida (server rejected WebSocket connection: HTTP 404); reintentando en 5s
2026-07-27 23:13:58,052 WARNING Conexión perdida (server rejected WebSocket connection: HTTP 404); reintentando en 5s
2026-07-27 23:14:03,297 WARNING Conexión perdida (server rejected WebSocket connection: HTTP 404); reintentando en 5s
2026-07-27 23:14:08,523 WARNING Conexión perdida (server rejected WebSocket connection: HTTP 404); reintentando en 5s
2026-07-27 23:14:13,765 WARNING Conexión perdida (server rejected WebSocket connection: HTTP 404); reintentando en 5s
2026-07-27 23:14:18,985 WARNING Conexión perdida (server rejected WebSocket connection: HTTP 404); reintentando en 5s
2026-07-27 23:14:24,215 WARNING Conexión perdida (server rejected WebSocket connection: HTTP 404); reintentando en 5s
2026-07-27 23:14:29,448 WARNING Conexión perdida (server rejected WebSocket connection: HTTP 404); reintentando en 5s
2026-07-27 23:14:34,684 WARNING Conexión perdida (server rejected WebSocket connection: HTTP 404); reintentando en 5s
2026-07-27 23:14:39,926 WARNING Conexión perdida (server rejected WebSocket connection: HTTP 404); reintentando en 5s
2026-07-27 23:14:45,159 WARNING Conexión perdida (server rejected WebSocket connection: HTTP 404); reintentando en 5s
2026-07-27 23:14:50,392 WARNING Conexión perdida (server rejected WebSocket connection: HTTP 404); reintentando en 5s
2026-07-27 23:14:55,628 WARNING Conexión perdida (server rejected WebSocket connection: HTTP 404); reintentando en 5s
2026-07-27 23:15:00,876 WARNING Conexión perdida (server rejected WebSocket connection: HTTP 404); reintentando en 5s
2026-07-27 23:15:06,135 WARNING Conexión perdida (server rejected WebSocket connection: HTTP 404); reintentando en 5s
2026-07-27 23:15:11,386 WARNING Conexión perdida (server rejected WebSocket connection: HTTP 404); reintentando en 5s
2026-07-27 23:15:16,627 WARNING Conexión perdida (server rejected WebSocket connection: HTTP 404); reintentando en 5s
2026-07-27 23:15:21,854 WARNING Conexión perdida (server rejected WebSocket connection: HTTP 404); reintentando en 5s
2026-07-27 23:15:27,088 WARNING Conexión perdida (server rejected WebSocket connection: HTTP 404); reintentando en 5s
2026-07-27 23:15:32,331 WARNING Conexión perdida (server rejected WebSocket connection: HTTP 404); reintentando en 5s
2026-07-27 23:15:37,582 WARNING Conexión perdida (server rejected WebSocket connection: HTTP 404); reintentando en 5s
2026-07-27 23:15:42,815 WARNING Conexión perdida (server rejected WebSocket connection: HTTP 404); reintentando en 5s
2026-07-27 23:15:48,061 WARNING Conexión perdida (server rejected WebSocket connection: HTTP 404); reintentando en 5s
2026-07-27 23:15:53,312 WARNING Conexión perdida (server rejected WebSocket connection: HTTP 404); reintentando en 5s
2026-07-27 23:15:58,545 WARNING Conexión perdida (server rejected WebSocket connection: HTTP 404); reintentando en 5s
2026-07-27 23:16:03,785 WARNING Conexión perdida (server rejected WebSocket connection: HTTP 404); reintentando en 5s
2026-07-27 23:16:09,042 WARNING Conexión perdida (server rejected WebSocket connection: HTTP 404); reintentando en 5s
2026-07-27 23:16:14,267 WARNING Conexión perdida (server rejected WebSocket connection: HTTP 404); reintentando en 5s
2026-07-27 23:16:19,492 WARNING Conexión perdida (server rejected WebSocket connection: HTTP 404); reintentando en 5s
2026-07-27 23:16:24,735 WARNING Conexión perdida (server rejected WebSocket connection: HTTP 404); reintentando en 5s
2026-07-27 23:16:29,984 WARNING Conexión perdida (server rejected WebSocket connection: HTTP 404); reintentando en 5s
2026-07-27 23:16:35,226 WARNING Conexión perdida (server rejected WebSocket connection: HTTP 404); reintentando en 5s
2026-07-27 23:16:40,484 WARNING Conexión perdida (server rejected WebSocket connection: HTTP 404); reintentando en 5s
2026-07-27 23:16:45,720 WARNING Conexión perdida (server rejected WebSocket connection: HTTP 404); reintentando en 5s
2026-07-27 23:16:50,969 WARNING Conexión perdida (server rejected WebSocket connection: HTTP 404); reintentando en 5s
2026-07-27 23:16:56,212 WARNING Conexión perdida (server rejected WebSocket connection: HTTP 404); reintentando en 5s
2026-07-27 23:17:01,445 WARNING Conexión perdida (server rejected WebSocket connection: HTTP 404); reintentando en 5s
2026-07-27 23:17:06,662 WARNING Conexión perdida (server rejected WebSocket connection: HTTP 404); reintentando en 5s
2026-07-27 23:17:11,929 WARNING Conexión perdida (server rejected WebSocket connection: HTTP 404); reintentando en 5s
2026-07-27 23:17:17,190 WARNING Conexión perdida (server rejected WebSocket connection: HTTP 404); reintentando en 5s
2026-07-27 23:17:22,432 WARNING Conexión perdida (server rejected WebSocket connection: HTTP 404); reintentando en 5s
2026-07-27 23:17:27,695 WARNING Conexión perdida (server rejected WebSocket connection: HTTP 404); reintentando en 5s
2026-07-27 23:17:32,943 WARNING Conexión perdida (server rejected WebSocket connection: HTTP 404); reintentando en 5s
2026-07-27 23:17:38,195 WARNING Conexión perdida (server rejected WebSocket connection: HTTP 404); reintentando en 5s
2026-07-27 23:17:43,437 WARNING Conexión perdida (server rejected WebSocket connection: HTTP 404); reintentando en 5s
2026-07-27 23:17:48,655 WARNING Conexión perdida (server rejected WebSocket connection: HTTP 404); reintentando en 5s
2026-07-27 23:17:53,879 WARNING Conexión perdida (server rejected WebSocket connection: HTTP 404); reintentando en 5s
2026-07-27 23:17:59,105 WARNING Conexión perdida (server rejected WebSocket connection: HTTP 404); reintentando en 5s
2026-07-27 23:18:04,336 WARNING Conexión perdida (server rejected WebSocket connection: HTTP 404); reintentando en 5s
2026-07-27 23:18:09,602 WARNING Conexión perdida (server rejected WebSocket connection: HTTP 404); reintentando en 5s
2026-07-27 23:18:14,874 WARNING Conexión perdida (server rejected WebSocket connection: HTTP 404); reintentando en 5s
2026-07-27 23:18:20,097 WARNING Conexión perdida (server rejected WebSocket connection: HTTP 404); reintentando en 5s
2026-07-27 23:18:25,328 WARNING Conexión perdida (server rejected WebSocket connection: HTTP 404); reintentando en 5s
2026-07-27 23:18:30,566 WARNING Conexión perdida (server rejected WebSocket connection: HTTP 404); reintentando en 5s
2026-07-27 23:18:35,800 WARNING Conexión perdida (server rejected WebSocket connection: HTTP 404); reintentando en 5s
2026-07-27 23:18:41,063 WARNING Conexión perdida (server rejected WebSocket connection: HTTP 404); reintentando en 5s
2026-07-27 23:18:46,296 WARNING Conexión perdida (server rejected WebSocket connection: HTTP 404); reintentando en 5s
2026-07-27 23:18:51,544 WARNING Conexión perdida (server rejected WebSocket connection: HTTP 404); reintentando en 5s
2026-07-27 23:18:56,777 WARNING Conexión perdida (server rejected WebSocket connection: HTTP 404); reintentando en 5s
2026-07-27 23:19:02,024 WARNING Conexión perdida (server rejected WebSocket connection: HTTP 404); reintentando en 5s
2026-07-27 23:19:07,271 WARNING Conexión perdida (server rejected WebSocket connection: HTTP 404); reintentando en 5s
2026-07-27 23:19:12,497 WARNING Conexión perdida (server rejected WebSocket connection: HTTP 404); reintentando en 5s
2026-07-27 23:19:17,731 WARNING Conexión perdida (server rejected WebSocket connection: HTTP 404); reintentando en 5s
2026-07-27 23:19:22,964 WARNING Conexión perdida (server rejected WebSocket connection: HTTP 404); reintentando en 5s
2026-07-27 23:19:28,192 WARNING Conexión perdida (server rejected WebSocket connection: HTTP 404); reintentando en 5s
2026-07-27 23:19:33,449 WARNING Conexión perdida (server rejected WebSocket connection: HTTP 404); reintentando en 5s
2026-07-27 23:19:38,675 WARNING Conexión perdida (server rejected WebSocket connection: HTTP 404); reintentando en 5s
2026-07-27 23:19:43,907 WARNING Conexión perdida (server rejected WebSocket connection: HTTP 404); reintentando en 5s
2026-07-27 23:19:49,155 WARNING Conexión perdida (server rejected WebSocket connection: HTTP 404); reintentando en 5s
2026-07-27 23:19:54,407 WARNING Conexión perdida (server rejected WebSocket connection: HTTP 404); reintentando en 5s
2026-07-27 23:19:59,650 WARNING Conexión perdida (server rejected WebSocket connection: HTTP 404); reintentando en 5s
2026-07-27 23:20:04,886 WARNING Conexión perdida (server rejected WebSocket connection: HTTP 404); reintentando en 5s
2026-07-27 23:20:10,145 WARNING Conexión perdida (server rejected WebSocket connection: HTTP 404); reintentando en 5s
2026-07-27 23:20:15,392 WARNING Conexión perdida (server rejected WebSocket connection: HTTP 404); reintentando en 5s
2026-07-27 23:20:20,629 WARNING Conexión perdida (server rejected WebSocket connection: HTTP 404); reintentando en 5s
2026-07-27 23:20:25,875 WARNING Conexión perdida (server rejected WebSocket connection: HTTP 404); reintentando en 5s
2026-07-27 23:20:31,129 WARNING Conexión perdida (server rejected WebSocket connection: HTTP 404); reintentando en 5s
2026-07-27 23:20:36,363 WARNING Conexión perdida (server rejected WebSocket connection: HTTP 404); reintentando en 5s
2026-07-27 23:20:41,589 WARNING Conexión perdida (server rejected WebSocket connection: HTTP 404); reintentando en 5s
2026-07-27 23:20:46,834 WARNING Conexión perdida (server rejected WebSocket connection: HTTP 404); reintentando en 5s
2026-07-27 23:20:52,059 WARNING Conexión perdida (server rejected WebSocket connection: HTTP 404); reintentando en 5s
2026-07-27 23:20:57,308 WARNING Conexión perdida (server rejected WebSocket connection: HTTP 404); reintentando en 5s
2026-07-27 23:21:02,551 WARNING Conexión perdida (server rejected WebSocket connection: HTTP 404); reintentando en 5s
2026-07-27 23:21:07,799 WARNING Conexión perdida (server rejected WebSocket connection: HTTP 404); reintentando en 5s
2026-07-27 23:21:13,041 WARNING Conexión perdida (server rejected WebSocket connection: HTTP 404); reintentando en 5s
2026-07-27 23:21:18,281 WARNING Conexión perdida (server rejected WebSocket connection: HTTP 404); reintentando en 5s
2026-07-27 23:21:23,537 WARNING Conexión perdida (server rejected WebSocket connection: HTTP 404); reintentando en 5s
2026-07-27 23:21:28,803 WARNING Conexión perdida (server rejected WebSocket connection: HTTP 404); reintentando en 5s
2026-07-27 23:21:34,055 WARNING Conexión perdida (server rejected WebSocket connection: HTTP 404); reintentando en 5s
2026-07-27 23:21:39,277 WARNING Conexión perdida (server rejected WebSocket connection: HTTP 404); reintentando en 5s
2026-07-27 23:21:44,519 WARNING Conexión perdida (server rejected WebSocket connection: HTTP 404); reintentando en 5s
2026-07-27 23:21:49,765 WARNING Conexión perdida (server rejected WebSocket connection: HTTP 404); reintentando en 5s
2026-07-27 23:21:55,008 WARNING Conexión perdida (server rejected WebSocket connection: HTTP 404); reintentando en 5s
2026-07-27 23:22:00,256 WARNING Conexión perdida (server rejected WebSocket connection: HTTP 404); reintentando en 5s
2026-07-27 23:22:05,508 WARNING Conexión perdida (server rejected WebSocket connection: HTTP 404); reintentando en 5s
2026-07-27 23:22:10,735 WARNING Conexión perdida (server rejected WebSocket connection: HTTP 404); reintentando en 5s
2026-07-27 23:22:15,964 WARNING Conexión perdida (server rejected WebSocket connection: HTTP 404); reintentando en 5s
2026-07-27 23:22:21,200 WARNING Conexión perdida (server rejected WebSocket connection: HTTP 404); reintentando en 5s
2026-07-27 23:22:26,461 WARNING Conexión perdida (server rejected WebSocket connection: HTTP 404); reintentando en 5s
2026-07-27 23:22:31,710 WARNING Conexión perdida (server rejected WebSocket connection: HTTP 404); reintentando en 5s
2026-07-27 23:22:36,959 WARNING Conexión perdida (server rejected WebSocket connection: HTTP 404); reintentando en 5s
2026-07-27 23:22:42,205 WARNING Conexión perdida (server rejected WebSocket connection: HTTP 404); reintentando en 5s
2026-07-27 23:22:47,454 WARNING Conexión perdida (server rejected WebSocket connection: HTTP 404); reintentando en 5s
2026-07-27 23:22:52,684 WARNING Conexión perdida (server rejected WebSocket connection: HTTP 404); reintentando en 5s
2026-07-27 23:22:57,939 WARNING Conexión perdida (server rejected WebSocket connection: HTTP 404); reintentando en 5s
2026-07-27 23:23:03,185 WARNING Conexión perdida (server rejected WebSocket connection: HTTP 404); reintentando en 5s
2026-07-27 23:23:08,423 WARNING Conexión perdida (server rejected WebSocket connection: HTTP 404); reintentando en 5s
2026-07-27 23:23:13,661 WARNING Conexión perdida (server rejected WebSocket connection: HTTP 404); reintentando en 5s
2026-07-27 23:23:18,889 WARNING Conexión perdida (server rejected WebSocket connection: HTTP 404); reintentando en 5s
2026-07-27 23:23:24,134 WARNING Conexión perdida (server rejected WebSocket connection: HTTP 404); reintentando en 5s
2026-07-27 23:23:29,392 WARNING Conexión perdida (server rejected WebSocket connection: HTTP 404); reintentando en 5s
2026-07-27 23:23:34,653 WARNING Conexión perdida (server rejected WebSocket connection: HTTP 404); reintentando en 5s
2026-07-27 23:23:39,888 WARNING Conexión perdida (server rejected WebSocket connection: HTTP 404); reintentando en 5s
2026-07-27 23:23:45,124 WARNING Conexión perdida (server rejected WebSocket connection: HTTP 404); reintentando en 5s
2026-07-27 23:23:50,358 WARNING Conexión perdida (server rejected WebSocket connection: HTTP 404); reintentando en 5s
2026-07-27 23:23:55,591 WARNING Conexión perdida (server rejected WebSocket connection: HTTP 404); reintentando en 5s
2026-07-27 23:24:00,854 WARNING Conexión perdida (server rejected WebSocket connection: HTTP 404); reintentando en 5s
2026-07-27 23:24:06,089 WARNING Conexión perdida (server rejected WebSocket connection: HTTP 404); reintentando en 5s
2026-07-27 23:24:11,324 WARNING Conexión perdida (server rejected WebSocket connection: HTTP 404); reintentando en 5s
2026-07-27 23:24:16,571 WARNING Conexión perdida (server rejected WebSocket connection: HTTP 404); reintentando en 5s
2026-07-27 23:24:21,829 WARNING Conexión perdida (server rejected WebSocket connection: HTTP 404); reintentando en 5s
2026-07-27 23:24:27,057 WARNING Conexión perdida (server rejected WebSocket connection: HTTP 404); reintentando en 5s
2026-07-27 23:24:32,327 WARNING Conexión perdida (server rejected WebSocket connection: HTTP 404); reintentando en 5s
2026-07-27 23:24:37,579 WARNING Conexión perdida (server rejected WebSocket connection: HTTP 404); reintentando en 5s
2026-07-27 23:24:42,812 WARNING Conexión perdida (server rejected WebSocket connection: HTTP 404); reintentando en 5s
2026-07-27 23:24:48,051 WARNING Conexión perdida (server rejected WebSocket connection: HTTP 404); reintentando en 5s
2026-07-27 23:24:53,292 WARNING Conexión perdida (server rejected WebSocket connection: HTTP 404); reintentando en 5s
2026-07-27 23:24:58,523 WARNING Conexión perdida (server rejected WebSocket connection: HTTP 404); reintentando en 5s
2026-07-27 23:25:03,749 WARNING Conexión perdida (server rejected WebSocket connection: HTTP 404); reintentando en 5s
2026-07-27 23:25:09,014 WARNING Conexión perdida (server rejected WebSocket connection: HTTP 404); reintentando en 5s
2026-07-27 23:25:14,250 WARNING Conexión perdida (server rejected WebSocket connection: HTTP 404); reintentando en 5s
2026-07-27 23:25:19,502 WARNING Conexión perdida (server rejected WebSocket connection: HTTP 404); reintentando en 5s
2026-07-27 23:25:24,758 WARNING Conexión perdida (server rejected WebSocket connection: HTTP 404); reintentando en 5s
2026-07-27 23:25:29,987 WARNING Conexión perdida (server rejected WebSocket connection: HTTP 404); reintentando en 5s
2026-07-27 23:25:35,236 WARNING Conexión perdida (server rejected WebSocket connection: HTTP 404); reintentando en 5s
2026-07-27 23:25:40,479 WARNING Conexión perdida (server rejected WebSocket connection: HTTP 404); reintentando en 5s
2026-07-27 23:25:45,709 WARNING Conexión perdida (server rejected WebSocket connection: HTTP 404); reintentando en 5s
2026-07-27 23:25:50,935 WARNING Conexión perdida (server rejected WebSocket connection: HTTP 404); reintentando en 5s
2026-07-27 23:25:56,192 WARNING Conexión perdida (server rejected WebSocket connection: HTTP 404); reintentando en 5s
2026-07-27 23:26:01,422 WARNING Conexión perdida (server rejected WebSocket connection: HTTP 404); reintentando en 5s
2026-07-27 23:26:06,648 WARNING Conexión perdida (server rejected WebSocket connection: HTTP 404); reintentando en 5s
2026-07-27 23:26:11,881 WARNING Conexión perdida (server rejected WebSocket connection: HTTP 404); reintentando en 5s
2026-07-27 23:26:17,095 WARNING Conexión perdida (server rejected WebSocket connection: HTTP 404); reintentando en 5s
2026-07-27 23:26:22,343 WARNING Conexión perdida (server rejected WebSocket connection: HTTP 404); reintentando en 5s
2026-07-27 23:26:27,589 WARNING Conexión perdida (server rejected WebSocket connection: HTTP 404); reintentando en 5s
2026-07-27 23:26:32,814 WARNING Conexión perdida (server rejected WebSocket connection: HTTP 404); reintentando en 5s
2026-07-27 23:26:38,094 WARNING Conexión perdida (server rejected WebSocket connection: HTTP 404); reintentando en 5s
2026-07-27 23:26:43,354 WARNING Conexión perdida (server rejected WebSocket connection: HTTP 404); reintentando en 5s
2026-07-27 23:26:48,611 WARNING Conexión perdida (server rejected WebSocket connection: HTTP 404); reintentando en 5s
2026-07-27 23:26:53,851 WARNING Conexión perdida (server rejected WebSocket connection: HTTP 404); reintentando en 5s
2026-07-27 23:26:59,079 WARNING Conexión perdida (server rejected WebSocket connection: HTTP 404); reintentando en 5s
2026-07-27 23:27:04,329 WARNING Conexión perdida (server rejected WebSocket connection: HTTP 404); reintentando en 5s
2026-07-27 23:27:09,583 WARNING Conexión perdida (server rejected WebSocket connection: HTTP 404); reintentando en 5s
2026-07-27 23:27:14,835 WARNING Conexión perdida (server rejected WebSocket connection: HTTP 404); reintentando en 5s
2026-07-27 23:27:20,097 WARNING Conexión perdida (server rejected WebSocket connection: HTTP 404); reintentando en 5s
2026-07-27 23:27:25,339 WARNING Conexión perdida (server rejected WebSocket connection: HTTP 404); reintentando en 5s
2026-07-27 23:27:30,600 WARNING Conexión perdida (server rejected WebSocket connection: HTTP 404); reintentando en 5s
2026-07-27 23:27:35,847 WARNING Conexión perdida (server rejected WebSocket connection: HTTP 404); reintentando en 5s
2026-07-27 23:27:41,100 WARNING Conexión perdida (server rejected WebSocket connection: HTTP 404); reintentando en 5s
2026-07-27 23:27:46,341 WARNING Conexión perdida (server rejected WebSocket connection: HTTP 404); reintentando en 5s
2026-07-27 23:27:51,580 WARNING Conexión perdida (server rejected WebSocket connection: HTTP 404); reintentando en 5s
2026-07-27 23:27:56,818 WARNING Conexión perdida (server rejected WebSocket connection: HTTP 404); reintentando en 5s
2026-07-27 23:28:02,067 WARNING Conexión perdida (server rejected WebSocket connection: HTTP 404); reintentando en 5s
2026-07-27 23:28:07,302 WARNING Conexión perdida (server rejected WebSocket connection: HTTP 404); reintentando en 5s
2026-07-27 23:28:12,549 WARNING Conexión perdida (server rejected WebSocket connection: HTTP 404); reintentando en 5s
2026-07-27 23:28:17,781 WARNING Conexión perdida (server rejected WebSocket connection: HTTP 404); reintentando en 5s
2026-07-27 23:28:23,011 WARNING Conexión perdida (server rejected WebSocket connection: HTTP 404); reintentando en 5s
2026-07-27 23:28:28,236 WARNING Conexión perdida (server rejected WebSocket connection: HTTP 404); reintentando en 5s
2026-07-27 23:28:33,470 WARNING Conexión perdida (server rejected WebSocket connection: HTTP 404); reintentando en 5s
2026-07-27 23:28:38,689 WARNING Conexión perdida (server rejected WebSocket connection: HTTP 404); reintentando en 5s
2026-07-27 23:28:43,928 WARNING Conexión perdida (server rejected WebSocket connection: HTTP 404); reintentando en 5s
2026-07-27 23:28:49,177 WARNING Conexión perdida (server rejected WebSocket connection: HTTP 404); reintentando en 5s
2026-07-27 23:28:54,413 WARNING Conexión perdida (server rejected WebSocket connection: HTTP 404); reintentando en 5s
2026-07-27 23:28:59,661 WARNING Conexión perdida (server rejected WebSocket connection: HTTP 404); reintentando en 5s
2026-07-27 23:29:04,904 WARNING Conexión perdida (server rejected WebSocket connection: HTTP 404); reintentando en 5s
2026-07-27 23:29:10,159 WARNING Conexión perdida (server rejected WebSocket connection: HTTP 404); reintentando en 5s
2026-07-27 23:29:15,402 WARNING Conexión perdida (server rejected WebSocket connection: HTTP 404); reintentando en 5s
2026-07-27 23:29:20,649 WARNING Conexión perdida (server rejected WebSocket connection: HTTP 404); reintentando en 5s
2026-07-27 23:29:25,880 WARNING Conexión perdida (server rejected WebSocket connection: HTTP 404); reintentando en 5s
2026-07-27 23:29:31,119 WARNING Conexión perdida (server rejected WebSocket connection: HTTP 404); reintentando en 5s
2026-07-27 23:29:36,374 WARNING Conexión perdida (server rejected WebSocket connection: HTTP 404); reintentando en 5s
2026-07-27 23:29:41,619 WARNING Conexión perdida (server rejected WebSocket connection: HTTP 404); reintentando en 5s
2026-07-27 23:29:46,890 WARNING Conexión perdida (server rejected WebSocket connection: HTTP 404); reintentando en 5s
2026-07-27 23:29:52,124 WARNING Conexión perdida (server rejected WebSocket connection: HTTP 404); reintentando en 5s
2026-07-27 23:29:57,368 WARNING Conexión perdida (server rejected WebSocket connection: HTTP 404); reintentando en 5s
2026-07-27 23:30:02,621 WARNING Conexión perdida (server rejected WebSocket connection: HTTP 404); reintentando en 5s
2026-07-27 23:30:07,877 WARNING Conexión perdida (server rejected WebSocket connection: HTTP 404); reintentando en 5s
2026-07-27 23:30:13,110 WARNING Conexión perdida (server rejected WebSocket connection: HTTP 404); reintentando en 5s
2026-07-27 23:30:18,342 WARNING Conexión perdida (server rejected WebSocket connection: HTTP 404); reintentando en 5s
2026-07-27 23:30:23,842 WARNING Conexión perdida (server rejected WebSocket connection: HTTP 404); reintentando en 5s
2026-07-27 23:30:29,091 WARNING Conexión perdida (server rejected WebSocket connection: HTTP 404); reintentando en 5s
2026-07-27 23:30:34,323 WARNING Conexión perdida (server rejected WebSocket connection: HTTP 404); reintentando en 5s
2026-07-27 23:30:39,578 WARNING Conexión perdida (server rejected WebSocket connection: HTTP 404); reintentando en 5s
2026-07-27 23:30:44,813 WARNING Conexión perdida (server rejected WebSocket connection: HTTP 404); reintentando en 5s
2026-07-27 23:30:50,070 WARNING Conexión perdida (server rejected WebSocket connection: HTTP 404); reintentando en 5s
2026-07-27 23:30:55,330 WARNING Conexión perdida (server rejected WebSocket connection: HTTP 404); reintentando en 5s
2026-07-27 23:31:00,581 WARNING Conexión perdida (server rejected WebSocket connection: HTTP 404); reintentando en 5s
2026-07-27 23:31:05,817 WARNING Conexión perdida (server rejected WebSocket connection: HTTP 404); reintentando en 5s
2026-07-27 23:31:11,054 WARNING Conexión perdida (server rejected WebSocket connection: HTTP 404); reintentando en 5s
2026-07-27 23:31:16,580 WARNING Conexión perdida (server rejected WebSocket connection: HTTP 404); reintentando en 5s
2026-07-27 23:31:21,832 WARNING Conexión perdida (server rejected WebSocket connection: HTTP 404); reintentando en 5s
2026-07-27 23:31:27,092 WARNING Conexión perdida (server rejected WebSocket connection: HTTP 404); reintentando en 5s
2026-07-27 23:31:32,354 WARNING Conexión perdida (server rejected WebSocket connection: HTTP 404); reintentando en 5s
2026-07-27 23:31:37,612 WARNING Conexión perdida (server rejected WebSocket connection: HTTP 404); reintentando en 5s
2026-07-27 23:31:42,859 WARNING Conexión perdida (server rejected WebSocket connection: HTTP 404); reintentando en 5s
2026-07-27 23:31:48,093 WARNING Conexión perdida (server rejected WebSocket connection: HTTP 404); reintentando en 5s
2026-07-27 23:31:53,355 WARNING Conexión perdida (server rejected WebSocket connection: HTTP 404); reintentando en 5s
2026-07-27 23:31:58,611 WARNING Conexión perdida (server rejected WebSocket connection: HTTP 404); reintentando en 5s
2026-07-27 23:32:03,855 WARNING Conexión perdida (server rejected WebSocket connection: HTTP 404); reintentando en 5s
2026-07-27 23:32:09,104 WARNING Conexión perdida (server rejected WebSocket connection: HTTP 404); reintentando en 5s
2026-07-27 23:32:14,350 WARNING Conexión perdida (server rejected WebSocket connection: HTTP 404); reintentando en 5s
2026-07-27 23:32:19,600 WARNING Conexión perdida (server rejected WebSocket connection: HTTP 404); reintentando en 5s
2026-07-27 23:32:24,841 WARNING Conexión perdida (server rejected WebSocket connection: HTTP 404); reintentando en 5s
2026-07-27 23:32:30,104 WARNING Conexión perdida (server rejected WebSocket connection: HTTP 404); reintentando en 5s
2026-07-27 23:32:35,346 WARNING Conexión perdida (server rejected WebSocket connection: HTTP 404); reintentando en 5s
2026-07-27 23:32:40,578 WARNING Conexión perdida (server rejected WebSocket connection: HTTP 404); reintentando en 5s
2026-07-27 23:32:45,821 WARNING Conexión perdida (server rejected WebSocket connection: HTTP 404); reintentando en 5s
2026-07-27 23:32:51,057 WARNING Conexión perdida (server rejected WebSocket connection: HTTP 404); reintentando en 5s
2026-07-27 23:32:56,318 WARNING Conexión perdida (server rejected WebSocket connection: HTTP 404); reintentando en 5s
2026-07-27 23:33:01,565 WARNING Conexión perdida (server rejected WebSocket connection: HTTP 404); reintentando en 5s
2026-07-27 23:33:06,806 WARNING Conexión perdida (server rejected WebSocket connection: HTTP 404); reintentando en 5s
2026-07-27 23:33:12,040 WARNING Conexión perdida (server rejected WebSocket connection: HTTP 404); reintentando en 5s
2026-07-27 23:33:17,293 WARNING Conexión perdida (server rejected WebSocket connection: HTTP 404); reintentando en 5s
2026-07-27 23:33:22,542 WARNING Conexión perdida (server rejected WebSocket connection: HTTP 404); reintentando en 5s
2026-07-27 23:33:27,784 WARNING Conexión perdida (server rejected WebSocket connection: HTTP 404); reintentando en 5s
2026-07-27 23:33:33,017 WARNING Conexión perdida (server rejected WebSocket connection: HTTP 404); reintentando en 5s
2026-07-27 23:33:38,277 WARNING Conexión perdida (server rejected WebSocket connection: HTTP 404); reintentando en 5s
2026-07-27 23:33:43,541 WARNING Conexión perdida (server rejected WebSocket connection: HTTP 404); reintentando en 5s
2026-07-27 23:33:48,786 WARNING Conexión perdida (server rejected WebSocket connection: HTTP 404); reintentando en 5s
2026-07-27 23:33:54,027 WARNING Conexión perdida (server rejected WebSocket connection: HTTP 404); reintentando en 5s
2026-07-27 23:33:59,290 WARNING Conexión perdida (server rejected WebSocket connection: HTTP 404); reintentando en 5s
2026-07-27 23:34:04,551 WARNING Conexión perdida (server rejected WebSocket connection: HTTP 404); reintentando en 5s
2026-07-27 23:34:09,825 WARNING Conexión perdida (server rejected WebSocket connection: HTTP 404); reintentando en 5s
2026-07-27 23:34:15,068 WARNING Conexión perdida (server rejected WebSocket connection: HTTP 404); reintentando en 5s
2026-07-27 23:34:20,319 WARNING Conexión perdida (server rejected WebSocket connection: HTTP 404); reintentando en 5s
2026-07-27 23:34:25,562 WARNING Conexión perdida (server rejected WebSocket connection: HTTP 404); reintentando en 5s
2026-07-27 23:34:30,809 WARNING Conexión perdida (server rejected WebSocket connection: HTTP 404); reintentando en 5s
2026-07-27 23:34:36,060 WARNING Conexión perdida (server rejected WebSocket connection: HTTP 404); reintentando en 5s
2026-07-27 23:34:41,311 WARNING Conexión perdida (server rejected WebSocket connection: HTTP 404); reintentando en 5s
2026-07-27 23:34:46,587 WARNING Conexión perdida (server rejected WebSocket connection: HTTP 404); reintentando en 5s
2026-07-27 23:34:51,831 WARNING Conexión perdida (server rejected WebSocket connection: HTTP 404); reintentando en 5s
2026-07-27 23:34:57,087 WARNING Conexión perdida (server rejected WebSocket connection: HTTP 404); reintentando en 5s
2026-07-27 23:35:02,360 WARNING Conexión perdida (server rejected WebSocket connection: HTTP 404); reintentando en 5s
2026-07-27 23:35:07,593 WARNING Conexión perdida (server rejected WebSocket connection: HTTP 404); reintentando en 5s
2026-07-27 23:35:12,836 WARNING Conexión perdida (server rejected WebSocket connection: HTTP 404); reintentando en 5s
2026-07-27 23:35:18,087 WARNING Conexión perdida (server rejected WebSocket connection: HTTP 404); reintentando en 5s
2026-07-27 23:35:23,339 WARNING Conexión perdida (server rejected WebSocket connection: HTTP 404); reintentando en 5s
2026-07-27 23:35:28,581 WARNING Conexión perdida (server rejected WebSocket connection: HTTP 404); reintentando en 5s
2026-07-27 23:35:33,810 WARNING Conexión perdida (server rejected WebSocket connection: HTTP 404); reintentando en 5s
2026-07-27 23:35:39,041 WARNING Conexión perdida (server rejected WebSocket connection: HTTP 404); reintentando en 5s
2026-07-27 23:35:44,282 WARNING Conexión perdida (server rejected WebSocket connection: HTTP 404); reintentando en 5s
2026-07-27 23:35:49,527 WARNING Conexión perdida (server rejected WebSocket connection: HTTP 404); reintentando en 5s
2026-07-27 23:35:54,759 WARNING Conexión perdida (server rejected WebSocket connection: HTTP 404); reintentando en 5s
2026-07-27 23:36:00,011 WARNING Conexión perdida (server rejected WebSocket connection: HTTP 404); reintentando en 5s
2026-07-27 23:36:05,293 WARNING Conexión perdida (server rejected WebSocket connection: HTTP 404); reintentando en 5s
2026-07-27 23:36:10,536 WARNING Conexión perdida (server rejected WebSocket connection: HTTP 404); reintentando en 5s
2026-07-27 23:36:15,765 WARNING Conexión perdida (server rejected WebSocket connection: HTTP 404); reintentando en 5s
2026-07-27 23:36:21,012 WARNING Conexión perdida (server rejected WebSocket connection: HTTP 404); reintentando en 5s
2026-07-27 23:36:26,274 WARNING Conexión perdida (server rejected WebSocket connection: HTTP 404); reintentando en 5s
2026-07-27 23:36:31,523 WARNING Conexión perdida (server rejected WebSocket connection: HTTP 404); reintentando en 5s
2026-07-27 23:36:36,771 WARNING Conexión perdida (server rejected WebSocket connection: HTTP 404); reintentando en 5s
2026-07-27 23:36:42,015 WARNING Conexión perdida (server rejected WebSocket connection: HTTP 404); reintentando en 5s
2026-07-27 23:36:47,271 WARNING Conexión perdida (server rejected WebSocket connection: HTTP 404); reintentando en 5s
2026-07-27 23:36:52,530 WARNING Conexión perdida (server rejected WebSocket connection: HTTP 404); reintentando en 5s
2026-07-27 23:36:57,772 WARNING Conexión perdida (server rejected WebSocket connection: HTTP 404); reintentando en 5s
2026-07-27 23:37:03,019 WARNING Conexión perdida (server rejected WebSocket connection: HTTP 404); reintentando en 5s
2026-07-27 23:37:08,313 WARNING Conexión perdida (server rejected WebSocket connection: HTTP 404); reintentando en 5s
2026-07-27 23:37:13,562 WARNING Conexión perdida (server rejected WebSocket connection: HTTP 404); reintentando en 5s
2026-07-27 23:37:18,787 WARNING Conexión perdida (server rejected WebSocket connection: HTTP 404); reintentando en 5s
2026-07-27 23:37:24,032 WARNING Conexión perdida (server rejected WebSocket connection: HTTP 404); reintentando en 5s
2026-07-27 23:37:29,286 WARNING Conexión perdida (server rejected WebSocket connection: HTTP 404); reintentando en 5s
2026-07-27 23:37:34,525 WARNING Conexión perdida (server rejected WebSocket connection: HTTP 404); reintentando en 5s
2026-07-27 23:37:39,770 WARNING Conexión perdida (server rejected WebSocket connection: HTTP 404); reintentando en 5s
2026-07-27 23:37:45,022 WARNING Conexión perdida (server rejected WebSocket connection: HTTP 404); reintentando en 5s
2026-07-27 23:37:50,279 WARNING Conexión perdida (server rejected WebSocket connection: HTTP 404); reintentando en 5s
2026-07-27 23:37:55,543 WARNING Conexión perdida (server rejected WebSocket connection: HTTP 404); reintentando en 5s
2026-07-27 23:38:00,830 WARNING Conexión perdida (server rejected WebSocket connection: HTTP 404); reintentando en 5s
2026-07-27 23:38:06,069 WARNING Conexión perdida (server rejected WebSocket connection: HTTP 404); reintentando en 5s
2026-07-27 23:38:11,325 WARNING Conexión perdida (server rejected WebSocket connection: HTTP 404); reintentando en 5s
2026-07-27 23:38:16,573 WARNING Conexión perdida (server rejected WebSocket connection: HTTP 404); reintentando en 5s
2026-07-27 23:38:21,807 WARNING Conexión perdida (server rejected WebSocket connection: HTTP 404); reintentando en 5s
2026-07-27 23:38:27,064 WARNING Conexión perdida (server rejected WebSocket connection: HTTP 404); reintentando en 5s
2026-07-27 23:38:32,306 WARNING Conexión perdida (server rejected WebSocket connection: HTTP 404); reintentando en 5s
2026-07-27 23:38:37,570 WARNING Conexión perdida (server rejected WebSocket connection: HTTP 404); reintentando en 5s
2026-07-27 23:38:42,843 WARNING Conexión perdida (server rejected WebSocket connection: HTTP 404); reintentando en 5s
2026-07-27 23:38:48,097 WARNING Conexión perdida (server rejected WebSocket connection: HTTP 404); reintentando en 5s
2026-07-27 23:38:53,365 WARNING Conexión perdida (server rejected WebSocket connection: HTTP 404); reintentando en 5s
2026-07-27 23:38:58,595 WARNING Conexión perdida (server rejected WebSocket connection: HTTP 404); reintentando en 5s
2026-07-27 23:39:03,814 WARNING Conexión perdida (server rejected WebSocket connection: HTTP 404); reintentando en 5s
2026-07-27 23:39:09,050 WARNING Conexión perdida (server rejected WebSocket connection: HTTP 404); reintentando en 5s
2026-07-27 23:39:14,314 WARNING Conexión perdida (server rejected WebSocket connection: HTTP 404); reintentando en 5s
2026-07-27 23:39:19,544 WARNING Conexión perdida (server rejected WebSocket connection: HTTP 404); reintentando en 5s
2026-07-27 23:39:24,789 WARNING Conexión perdida (server rejected WebSocket connection: HTTP 404); reintentando en 5s
2026-07-27 23:39:30,032 WARNING Conexión perdida (server rejected WebSocket connection: HTTP 404); reintentando en 5s
2026-07-27 23:39:35,277 WARNING Conexión perdida (server rejected WebSocket connection: HTTP 404); reintentando en 5s
2026-07-27 23:39:40,515 WARNING Conexión perdida (server rejected WebSocket connection: HTTP 404); reintentando en 5s
2026-07-27 23:39:45,750 WARNING Conexión perdida (server rejected WebSocket connection: HTTP 404); reintentando en 5s
2026-07-27 23:39:50,980 WARNING Conexión perdida (server rejected WebSocket connection: HTTP 404); reintentando en 5s
2026-07-27 23:39:56,211 WARNING Conexión perdida (server rejected WebSocket connection: HTTP 404); reintentando en 5s
2026-07-27 23:40:01,455 WARNING Conexión perdida (server rejected WebSocket connection: HTTP 404); reintentando en 5s
2026-07-27 23:40:06,701 WARNING Conexión perdida (server rejected WebSocket connection: HTTP 404); reintentando en 5s
2026-07-27 23:40:11,939 WARNING Conexión perdida (server rejected WebSocket connection: HTTP 404); reintentando en 5s
2026-07-27 23:40:17,209 WARNING Conexión perdida (server rejected WebSocket connection: HTTP 404); reintentando en 5s
2026-07-27 23:40:22,460 WARNING Conexión perdida (server rejected WebSocket connection: HTTP 404); reintentando en 5s
2026-07-27 23:40:27,711 WARNING Conexión perdida (server rejected WebSocket connection: HTTP 404); reintentando en 5s
2026-07-27 23:40:32,945 WARNING Conexión perdida (server rejected WebSocket connection: HTTP 404); reintentando en 5s
2026-07-27 23:40:38,195 WARNING Conexión perdida (server rejected WebSocket connection: HTTP 404); reintentando en 5s
2026-07-27 23:40:43,437 WARNING Conexión perdida (server rejected WebSocket connection: HTTP 404); reintentando en 5s
2026-07-27 23:40:48,692 WARNING Conexión perdida (server rejected WebSocket connection: HTTP 404); reintentando en 5s
2026-07-27 23:40:53,927 WARNING Conexión perdida (server rejected WebSocket connection: HTTP 404); reintentando en 5s
2026-07-27 23:40:59,171 WARNING Conexión perdida (server rejected WebSocket connection: HTTP 404); reintentando en 5s
2026-07-27 23:41:04,431 WARNING Conexión perdida (server rejected WebSocket connection: HTTP 404); reintentando en 5s
2026-07-27 23:41:09,685 WARNING Conexión perdida (server rejected WebSocket connection: HTTP 404); reintentando en 5s
2026-07-27 23:41:14,930 WARNING Conexión perdida (server rejected WebSocket connection: HTTP 404); reintentando en 5s
2026-07-27 23:41:20,183 WARNING Conexión perdida (server rejected WebSocket connection: HTTP 404); reintentando en 5s
2026-07-27 23:41:25,432 WARNING Conexión perdida (server rejected WebSocket connection: HTTP 404); reintentando en 5s
2026-07-27 23:41:30,671 WARNING Conexión perdida (server rejected WebSocket connection: HTTP 404); reintentando en 5s
2026-07-27 23:41:35,904 WARNING Conexión perdida (server rejected WebSocket connection: HTTP 404); reintentando en 5s
2026-07-27 23:41:41,155 WARNING Conexión perdida (server rejected WebSocket connection: HTTP 404); reintentando en 5s
2026-07-27 23:41:46,407 WARNING Conexión perdida (server rejected WebSocket connection: HTTP 404); reintentando en 5s
2026-07-27 23:41:51,644 WARNING Conexión perdida (server rejected WebSocket connection: HTTP 404); reintentando en 5s
2026-07-27 23:41:56,871 WARNING Conexión perdida (server rejected WebSocket connection: HTTP 404); reintentando en 5s
2026-07-27 23:42:02,132 WARNING Conexión perdida (server rejected WebSocket connection: HTTP 404); reintentando en 5s
2026-07-27 23:42:07,379 WARNING Conexión perdida (server rejected WebSocket connection: HTTP 404); reintentando en 5s
2026-07-27 23:42:12,601 WARNING Conexión perdida (server rejected WebSocket connection: HTTP 404); reintentando en 5s
2026-07-27 23:42:17,842 WARNING Conexión perdida (server rejected WebSocket connection: HTTP 404); reintentando en 5s
2026-07-27 23:42:23,091 WARNING Conexión perdida (server rejected WebSocket connection: HTTP 404); reintentando en 5s
2026-07-27 23:42:28,364 WARNING Conexión perdida (server rejected WebSocket connection: HTTP 404); reintentando en 5s
2026-07-27 23:42:33,612 WARNING Conexión perdida (server rejected WebSocket connection: HTTP 404); reintentando en 5s
2026-07-27 23:42:38,855 WARNING Conexión perdida (server rejected WebSocket connection: HTTP 404); reintentando en 5s
2026-07-27 23:42:44,097 WARNING Conexión perdida (server rejected WebSocket connection: HTTP 404); reintentando en 5s
2026-07-27 23:42:49,509 WARNING Conexión perdida (server rejected WebSocket connection: HTTP 404); reintentando en 5s
2026-07-27 23:42:54,753 WARNING Conexión perdida (server rejected WebSocket connection: HTTP 404); reintentando en 5s
2026-07-27 23:42:59,994 WARNING Conexión perdida (server rejected WebSocket connection: HTTP 404); reintentando en 5s
2026-07-27 23:43:05,237 WARNING Conexión perdida (server rejected WebSocket connection: HTTP 404); reintentando en 5s
2026-07-27 23:43:10,471 WARNING Conexión perdida (server rejected WebSocket connection: HTTP 404); reintentando en 5s
2026-07-27 23:43:15,729 WARNING Conexión perdida (server rejected WebSocket connection: HTTP 404); reintentando en 5s
2026-07-27 23:43:20,991 WARNING Conexión perdida (server rejected WebSocket connection: HTTP 404); reintentando en 5s
2026-07-27 23:43:26,263 WARNING Conexión perdida (server rejected WebSocket connection: HTTP 404); reintentando en 5s
2026-07-27 23:43:31,503 WARNING Conexión perdida (server rejected WebSocket connection: HTTP 404); reintentando en 5s
2026-07-27 23:43:36,736 WARNING Conexión perdida (server rejected WebSocket connection: HTTP 404); reintentando en 5s
2026-07-27 23:43:41,977 WARNING Conexión perdida (server rejected WebSocket connection: HTTP 404); reintentando en 5s
2026-07-27 23:43:47,235 WARNING Conexión perdida (server rejected WebSocket connection: HTTP 404); reintentando en 5s
2026-07-27 23:43:52,480 WARNING Conexión perdida (server rejected WebSocket connection: HTTP 404); reintentando en 5s
2026-07-27 23:43:57,734 WARNING Conexión perdida (server rejected WebSocket connection: HTTP 404); reintentando en 5s
2026-07-27 23:44:03,011 WARNING Conexión perdida (server rejected WebSocket connection: HTTP 404); reintentando en 5s
2026-07-27 23:44:08,250 WARNING Conexión perdida (server rejected WebSocket connection: HTTP 404); reintentando en 5s
2026-07-27 23:44:13,501 WARNING Conexión perdida (server rejected WebSocket connection: HTTP 404); reintentando en 5s
2026-07-27 23:44:18,762 WARNING Conexión perdida (server rejected WebSocket connection: HTTP 404); reintentando en 5s
2026-07-27 23:44:24,009 WARNING Conexión perdida (server rejected WebSocket connection: HTTP 404); reintentando en 5s
2026-07-27 23:44:29,291 WARNING Conexión perdida (server rejected WebSocket connection: HTTP 404); reintentando en 5s
2026-07-27 23:44:34,530 WARNING Conexión perdida (server rejected WebSocket connection: HTTP 404); reintentando en 5s
2026-07-27 23:44:39,773 WARNING Conexión perdida (server rejected WebSocket connection: HTTP 404); reintentando en 5s
2026-07-27 23:44:45,033 WARNING Conexión perdida (server rejected WebSocket connection: HTTP 404); reintentando en 5s
2026-07-27 23:44:50,275 WARNING Conexión perdida (server rejected WebSocket connection: HTTP 404); reintentando en 5s
2026-07-27 23:44:55,524 WARNING Conexión perdida (server rejected WebSocket connection: HTTP 404); reintentando en 5s
2026-07-27 23:45:00,774 WARNING Conexión perdida (server rejected WebSocket connection: HTTP 404); reintentando en 5s
2026-07-27 23:45:06,007 WARNING Conexión perdida (server rejected WebSocket connection: HTTP 404); reintentando en 5s
2026-07-27 23:45:11,246 WARNING Conexión perdida (server rejected WebSocket connection: HTTP 404); reintentando en 5s
2026-07-27 23:45:16,486 WARNING Conexión perdida (server rejected WebSocket connection: HTTP 404); reintentando en 5s
2026-07-27 23:45:21,709 WARNING Conexión perdida (server rejected WebSocket connection: HTTP 404); reintentando en 5s
2026-07-27 23:45:26,939 WARNING Conexión perdida (server rejected WebSocket connection: HTTP 404); reintentando en 5s
2026-07-27 23:45:32,196 WARNING Conexión perdida (server rejected WebSocket connection: HTTP 404); reintentando en 5s
2026-07-27 23:45:37,430 WARNING Conexión perdida (server rejected WebSocket connection: HTTP 404); reintentando en 5s
2026-07-27 23:45:42,681 WARNING Conexión perdida (server rejected WebSocket connection: HTTP 404); reintentando en 5s
2026-07-27 23:45:47,928 WARNING Conexión perdida (server rejected WebSocket connection: HTTP 404); reintentando en 5s
2026-07-27 23:45:53,180 WARNING Conexión perdida (server rejected WebSocket connection: HTTP 404); reintentando en 5s
2026-07-27 23:45:58,425 WARNING Conexión perdida (server rejected WebSocket connection: HTTP 404); reintentando en 5s
2026-07-27 23:46:03,671 WARNING Conexión perdida (server rejected WebSocket connection: HTTP 404); reintentando en 5s
2026-07-27 23:46:08,915 WARNING Conexión perdida (server rejected WebSocket connection: HTTP 404); reintentando en 5s
2026-07-27 23:46:14,153 WARNING Conexión perdida (server rejected WebSocket connection: HTTP 404); reintentando en 5s
2026-07-27 23:46:19,394 WARNING Conexión perdida (server rejected WebSocket connection: HTTP 404); reintentando en 5s
2026-07-27 23:46:24,648 WARNING Conexión perdida (server rejected WebSocket connection: HTTP 404); reintentando en 5s
2026-07-27 23:46:29,914 WARNING Conexión perdida (server rejected WebSocket connection: HTTP 404); reintentando en 5s
2026-07-27 23:46:35,217 WARNING Conexión perdida (server rejected WebSocket connection: HTTP 404); reintentando en 5s
2026-07-27 23:46:40,435 WARNING Conexión perdida (server rejected WebSocket connection: HTTP 404); reintentando en 5s
2026-07-27 23:46:45,680 WARNING Conexión perdida (server rejected WebSocket connection: HTTP 404); reintentando en 5s
2026-07-27 23:46:50,924 WARNING Conexión perdida (server rejected WebSocket connection: HTTP 404); reintentando en 5s
2026-07-27 23:46:56,178 WARNING Conexión perdida (server rejected WebSocket connection: HTTP 404); reintentando en 5s
2026-07-27 23:47:01,429 WARNING Conexión perdida (server rejected WebSocket connection: HTTP 404); reintentando en 5s
2026-07-27 23:47:06,674 WARNING Conexión perdida (server rejected WebSocket connection: HTTP 404); reintentando en 5s
2026-07-27 23:47:11,914 WARNING Conexión perdida (server rejected WebSocket connection: HTTP 404); reintentando en 5s
2026-07-27 23:47:17,155 WARNING Conexión perdida (server rejected WebSocket connection: HTTP 404); reintentando en 5s
2026-07-27 23:47:22,380 WARNING Conexión perdida (server rejected WebSocket connection: HTTP 404); reintentando en 5s
2026-07-27 23:47:27,632 WARNING Conexión perdida (server rejected WebSocket connection: HTTP 404); reintentando en 5s
2026-07-27 23:47:32,866 WARNING Conexión perdida (server rejected WebSocket connection: HTTP 404); reintentando en 5s
2026-07-27 23:47:38,163 WARNING Conexión perdida (server rejected WebSocket connection: HTTP 404); reintentando en 5s
2026-07-27 23:47:43,408 WARNING Conexión perdida (server rejected WebSocket connection: HTTP 404); reintentando en 5s
2026-07-27 23:47:48,643 WARNING Conexión perdida (server rejected WebSocket connection: HTTP 404); reintentando en 5s
2026-07-27 23:47:53,875 WARNING Conexión perdida (server rejected WebSocket connection: HTTP 404); reintentando en 5s
2026-07-27 23:47:59,123 WARNING Conexión perdida (server rejected WebSocket connection: HTTP 404); reintentando en 5s
2026-07-27 23:48:04,355 WARNING Conexión perdida (server rejected WebSocket connection: HTTP 404); reintentando en 5s
2026-07-27 23:48:09,607 WARNING Conexión perdida (server rejected WebSocket connection: HTTP 404); reintentando en 5s
2026-07-27 23:48:14,834 WARNING Conexión perdida (server rejected WebSocket connection: HTTP 404); reintentando en 5s
2026-07-27 23:48:20,080 WARNING Conexión perdida (server rejected WebSocket connection: HTTP 404); reintentando en 5s
2026-07-27 23:48:25,302 WARNING Conexión perdida (server rejected WebSocket connection: HTTP 404); reintentando en 5s
2026-07-27 23:48:30,533 WARNING Conexión perdida (server rejected WebSocket connection: HTTP 404); reintentando en 5s
2026-07-27 23:48:35,765 WARNING Conexión perdida (server rejected WebSocket connection: HTTP 404); reintentando en 5s
2026-07-27 23:48:41,027 WARNING Conexión perdida (server rejected WebSocket connection: HTTP 404); reintentando en 5s
2026-07-27 23:48:46,299 WARNING Conexión perdida (server rejected WebSocket connection: HTTP 404); reintentando en 5s
2026-07-27 23:48:51,843 WARNING Conexión perdida (server rejected WebSocket connection: HTTP 404); reintentando en 5s
2026-07-27 23:48:57,117 WARNING Conexión perdida (server rejected WebSocket connection: HTTP 404); reintentando en 5s
2026-07-27 23:49:02,354 WARNING Conexión perdida (server rejected WebSocket connection: HTTP 404); reintentando en 5s
2026-07-27 23:49:07,598 WARNING Conexión perdida (server rejected WebSocket connection: HTTP 404); reintentando en 5s
2026-07-27 23:49:12,840 WARNING Conexión perdida (server rejected WebSocket connection: HTTP 404); reintentando en 5s
2026-07-27 23:49:18,095 WARNING Conexión perdida (server rejected WebSocket connection: HTTP 404); reintentando en 5s
2026-07-27 23:49:23,351 WARNING Conexión perdida (server rejected WebSocket connection: HTTP 404); reintentando en 5s
2026-07-27 23:49:28,588 WARNING Conexión perdida (server rejected WebSocket connection: HTTP 404); reintentando en 5s
2026-07-27 23:49:33,829 WARNING Conexión perdida (server rejected WebSocket connection: HTTP 404); reintentando en 5s
2026-07-27 23:49:39,075 WARNING Conexión perdida (server rejected WebSocket connection: HTTP 404); reintentando en 5s
2026-07-27 23:49:44,369 WARNING Conexión perdida (server rejected WebSocket connection: HTTP 404); reintentando en 5s
2026-07-27 23:49:49,616 WARNING Conexión perdida (server rejected WebSocket connection: HTTP 404); reintentando en 5s
2026-07-27 23:49:54,839 WARNING Conexión perdida (server rejected WebSocket connection: HTTP 404); reintentando en 5s
2026-07-27 23:50:00,075 WARNING Conexión perdida (server rejected WebSocket connection: HTTP 404); reintentando en 5s
2026-07-27 23:50:05,345 WARNING Conexión perdida (server rejected WebSocket connection: HTTP 404); reintentando en 5s
2026-07-27 23:50:10,589 WARNING Conexión perdida (server rejected WebSocket connection: HTTP 404); reintentando en 5s
2026-07-27 23:50:15,826 WARNING Conexión perdida (server rejected WebSocket connection: HTTP 404); reintentando en 5s
2026-07-27 23:50:21,062 WARNING Conexión perdida (server rejected WebSocket connection: HTTP 404); reintentando en 5s
2026-07-27 23:50:26,304 WARNING Conexión perdida (server rejected WebSocket connection: HTTP 404); reintentando en 5s
2026-07-27 23:50:31,535 WARNING Conexión perdida (server rejected WebSocket connection: HTTP 404); reintentando en 5s
2026-07-27 23:50:36,769 WARNING Conexión perdida (server rejected WebSocket connection: HTTP 404); reintentando en 5s
2026-07-27 23:50:42,027 WARNING Conexión perdida (server rejected WebSocket connection: HTTP 404); reintentando en 5s
2026-07-27 23:50:47,319 WARNING Conexión perdida (server rejected WebSocket connection: HTTP 404); reintentando en 5s
2026-07-27 23:50:52,553 WARNING Conexión perdida (server rejected WebSocket connection: HTTP 404); reintentando en 5s
2026-07-27 23:50:57,776 WARNING Conexión perdida (server rejected WebSocket connection: HTTP 404); reintentando en 5s
2026-07-27 23:51:03,005 WARNING Conexión perdida (server rejected WebSocket connection: HTTP 404); reintentando en 5s
2026-07-27 23:51:08,248 WARNING Conexión perdida (server rejected WebSocket connection: HTTP 404); reintentando en 5s
2026-07-27 23:51:13,469 WARNING Conexión perdida (server rejected WebSocket connection: HTTP 404); reintentando en 5s
2026-07-27 23:51:18,697 WARNING Conexión perdida (server rejected WebSocket connection: HTTP 404); reintentando en 5s
2026-07-27 23:51:23,966 WARNING Conexión perdida (server rejected WebSocket connection: HTTP 404); reintentando en 5s
2026-07-27 23:51:29,227 WARNING Conexión perdida (server rejected WebSocket connection: HTTP 404); reintentando en 5s
2026-07-27 23:51:34,458 WARNING Conexión perdida (server rejected WebSocket connection: HTTP 404); reintentando en 5s
2026-07-27 23:51:39,690 WARNING Conexión perdida (server rejected WebSocket connection: HTTP 404); reintentando en 5s
2026-07-27 23:51:44,929 WARNING Conexión perdida (server rejected WebSocket connection: HTTP 404); reintentando en 5s
2026-07-27 23:51:50,191 WARNING Conexión perdida (server rejected WebSocket connection: HTTP 404); reintentando en 5s
2026-07-27 23:51:55,435 WARNING Conexión perdida (server rejected WebSocket connection: HTTP 404); reintentando en 5s
2026-07-27 23:52:00,679 WARNING Conexión perdida (server rejected WebSocket connection: HTTP 404); reintentando en 5s
2026-07-27 23:52:05,923 WARNING Conexión perdida (server rejected WebSocket connection: HTTP 404); reintentando en 5s
2026-07-27 23:52:11,159 WARNING Conexión perdida (server rejected WebSocket connection: HTTP 404); reintentando en 5s
2026-07-27 23:52:16,402 WARNING Conexión perdida (server rejected WebSocket connection: HTTP 404); reintentando en 5s
2026-07-27 23:52:21,630 WARNING Conexión perdida (server rejected WebSocket connection: HTTP 404); reintentando en 5s
2026-07-27 23:52:26,888 WARNING Conexión perdida (server rejected WebSocket connection: HTTP 404); reintentando en 5s
2026-07-27 23:52:32,130 WARNING Conexión perdida (server rejected WebSocket connection: HTTP 404); reintentando en 5s
2026-07-27 23:52:37,366 WARNING Conexión perdida (server rejected WebSocket connection: HTTP 404); reintentando en 5s
2026-07-27 23:52:42,595 WARNING Conexión perdida (server rejected WebSocket connection: HTTP 404); reintentando en 5s
2026-07-27 23:52:47,834 WARNING Conexión perdida (server rejected WebSocket connection: HTTP 404); reintentando en 5s
2026-07-27 23:52:53,123 WARNING Conexión perdida (server rejected WebSocket connection: HTTP 404); reintentando en 5s
2026-07-27 23:52:58,378 WARNING Conexión perdida (server rejected WebSocket connection: HTTP 404); reintentando en 5s
2026-07-27 23:53:03,625 WARNING Conexión perdida (server rejected WebSocket connection: HTTP 404); reintentando en 5s
2026-07-27 23:53:08,863 WARNING Conexión perdida (server rejected WebSocket connection: HTTP 404); reintentando en 5s
2026-07-27 23:53:14,116 WARNING Conexión perdida (server rejected WebSocket connection: HTTP 404); reintentando en 5s
2026-07-27 23:53:19,392 WARNING Conexión perdida (server rejected WebSocket connection: HTTP 404); reintentando en 5s
2026-07-27 23:53:24,630 WARNING Conexión perdida (server rejected WebSocket connection: HTTP 404); reintentando en 5s
2026-07-27 23:53:29,863 WARNING Conexión perdida (server rejected WebSocket connection: HTTP 404); reintentando en 5s
2026-07-27 23:53:35,110 WARNING Conexión perdida (server rejected WebSocket connection: HTTP 404); reintentando en 5s
2026-07-27 23:53:40,370 WARNING Conexión perdida (server rejected WebSocket connection: HTTP 404); reintentando en 5s
2026-07-27 23:53:45,617 WARNING Conexión perdida (server rejected WebSocket connection: HTTP 404); reintentando en 5s
2026-07-27 23:53:50,895 WARNING Conexión perdida (server rejected WebSocket connection: HTTP 404); reintentando en 5s
2026-07-27 23:53:56,189 WARNING Conexión perdida (server rejected WebSocket connection: HTTP 404); reintentando en 5s
2026-07-27 23:54:01,437 WARNING Conexión perdida (server rejected WebSocket connection: HTTP 404); reintentando en 5s
2026-07-27 23:54:06,675 WARNING Conexión perdida (server rejected WebSocket connection: HTTP 404); reintentando en 5s
2026-07-27 23:54:11,930 WARNING Conexión perdida (server rejected WebSocket connection: HTTP 404); reintentando en 5s
2026-07-27 23:54:17,182 WARNING Conexión perdida (server rejected WebSocket connection: HTTP 404); reintentando en 5s
2026-07-27 23:54:22,321 WARNING Conexión perdida (server rejected WebSocket connection: HTTP 404); reintentando en 5s
2026-07-27 23:54:27,574 WARNING Conexión perdida (server rejected WebSocket connection: HTTP 404); reintentando en 5s
2026-07-27 23:54:32,812 WARNING Conexión perdida (server rejected WebSocket connection: HTTP 404); reintentando en 5s
2026-07-27 23:54:38,072 WARNING Conexión perdida (server rejected WebSocket connection: HTTP 404); reintentando en 5s
2026-07-27 23:54:43,308 WARNING Conexión perdida (server rejected WebSocket connection: HTTP 404); reintentando en 5s
2026-07-27 23:54:48,558 WARNING Conexión perdida (server rejected WebSocket connection: HTTP 404); reintentando en 5s
2026-07-27 23:54:53,803 WARNING Conexión perdida (server rejected WebSocket connection: HTTP 404); reintentando en 5s
2026-07-27 23:54:59,075 WARNING Conexión perdida (server rejected WebSocket connection: HTTP 404); reintentando en 5s
2026-07-27 23:55:04,322 WARNING Conexión perdida (server rejected WebSocket connection: HTTP 404); reintentando en 5s
2026-07-27 23:55:09,556 WARNING Conexión perdida (server rejected WebSocket connection: HTTP 404); reintentando en 5s
2026-07-27 23:55:14,796 WARNING Conexión perdida (server rejected WebSocket connection: HTTP 404); reintentando en 5s
2026-07-27 23:55:20,050 WARNING Conexión perdida (server rejected WebSocket connection: HTTP 404); reintentando en 5s
2026-07-27 23:55:25,277 WARNING Conexión perdida (server rejected WebSocket connection: HTTP 404); reintentando en 5s
2026-07-27 23:55:30,524 WARNING Conexión perdida (server rejected WebSocket connection: HTTP 404); reintentando en 5s
2026-07-27 23:55:35,752 WARNING Conexión perdida (server rejected WebSocket connection: HTTP 404); reintentando en 5s
2026-07-27 23:55:40,996 WARNING Conexión perdida (server rejected WebSocket connection: HTTP 404); reintentando en 5s
2026-07-27 23:55:46,246 WARNING Conexión perdida (server rejected WebSocket connection: HTTP 404); reintentando en 5s
2026-07-27 23:55:51,486 WARNING Conexión perdida (server rejected WebSocket connection: HTTP 404); reintentando en 5s
2026-07-27 23:55:56,720 WARNING Conexión perdida (server rejected WebSocket connection: HTTP 404); reintentando en 5s
2026-07-27 23:56:01,995 WARNING Conexión perdida (server rejected WebSocket connection: HTTP 404); reintentando en 5s
2026-07-27 23:56:07,265 WARNING Conexión perdida (server rejected WebSocket connection: HTTP 404); reintentando en 5s
2026-07-27 23:56:12,518 WARNING Conexión perdida (server rejected WebSocket connection: HTTP 404); reintentando en 5s
2026-07-27 23:56:17,777 WARNING Conexión perdida (server rejected WebSocket connection: HTTP 404); reintentando en 5s
2026-07-27 23:56:23,013 WARNING Conexión perdida (server rejected WebSocket connection: HTTP 404); reintentando en 5s
2026-07-27 23:56:28,252 WARNING Conexión perdida (server rejected WebSocket connection: HTTP 404); reintentando en 5s
2026-07-27 23:56:33,471 WARNING Conexión perdida (server rejected WebSocket connection: HTTP 404); reintentando en 5s
2026-07-27 23:56:38,706 WARNING Conexión perdida (server rejected WebSocket connection: HTTP 404); reintentando en 5s
2026-07-27 23:56:43,971 WARNING Conexión perdida (server rejected WebSocket connection: HTTP 404); reintentando en 5s
2026-07-27 23:56:49,199 WARNING Conexión perdida (server rejected WebSocket connection: HTTP 404); reintentando en 5s
2026-07-27 23:56:54,446 WARNING Conexión perdida (server rejected WebSocket connection: HTTP 404); reintentando en 5s
2026-07-27 23:56:59,686 WARNING Conexión perdida (server rejected WebSocket connection: HTTP 404); reintentando en 5s
2026-07-27 23:57:04,950 WARNING Conexión perdida (server rejected WebSocket connection: HTTP 404); reintentando en 5s
2026-07-27 23:57:10,178 WARNING Conexión perdida (server rejected WebSocket connection: HTTP 404); reintentando en 5s
2026-07-27 23:57:15,426 WARNING Conexión perdida (server rejected WebSocket connection: HTTP 404); reintentando en 5s
2026-07-27 23:57:20,665 WARNING Conexión perdida (server rejected WebSocket connection: HTTP 404); reintentando en 5s
2026-07-27 23:57:25,919 WARNING Conexión perdida (server rejected WebSocket connection: HTTP 404); reintentando en 5s
2026-07-27 23:57:31,148 WARNING Conexión perdida (server rejected WebSocket connection: HTTP 404); reintentando en 5s
2026-07-27 23:57:36,392 WARNING Conexión perdida (server rejected WebSocket connection: HTTP 404); reintentando en 5s
2026-07-27 23:57:41,643 WARNING Conexión perdida (server rejected WebSocket connection: HTTP 404); reintentando en 5s
2026-07-27 23:57:46,875 WARNING Conexión perdida (server rejected WebSocket connection: HTTP 404); reintentando en 5s
2026-07-27 23:57:52,123 WARNING Conexión perdida (server rejected WebSocket connection: HTTP 404); reintentando en 5s
2026-07-27 23:57:57,374 WARNING Conexión perdida (server rejected WebSocket connection: HTTP 404); reintentando en 5s
2026-07-27 23:58:02,621 WARNING Conexión perdida (server rejected WebSocket connection: HTTP 404); reintentando en 5s
2026-07-27 23:58:07,876 WARNING Conexión perdida (server rejected WebSocket connection: HTTP 404); reintentando en 5s
2026-07-27 23:58:13,106 WARNING Conexión perdida (server rejected WebSocket connection: HTTP 404); reintentando en 5s
2026-07-27 23:58:18,328 WARNING Conexión perdida (server rejected WebSocket connection: HTTP 404); reintentando en 5s
2026-07-27 23:58:23,567 WARNING Conexión perdida (server rejected WebSocket connection: HTTP 404); reintentando en 5s
2026-07-27 23:58:28,819 WARNING Conexión perdida (server rejected WebSocket connection: HTTP 404); reintentando en 5s
2026-07-27 23:58:34,068 WARNING Conexión perdida (server rejected WebSocket connection: HTTP 404); reintentando en 5s
2026-07-27 23:58:39,323 WARNING Conexión perdida (server rejected WebSocket connection: HTTP 404); reintentando en 5s
2026-07-27 23:58:44,566 WARNING Conexión perdida (server rejected WebSocket connection: HTTP 404); reintentando en 5s
2026-07-27 23:58:49,825 WARNING Conexión perdida (server rejected WebSocket connection: HTTP 404); reintentando en 5s
2026-07-27 23:58:55,066 WARNING Conexión perdida (server rejected WebSocket connection: HTTP 404); reintentando en 5s
2026-07-27 23:59:00,296 WARNING Conexión perdida (server rejected WebSocket connection: HTTP 404); reintentando en 5s
2026-07-27 23:59:05,526 WARNING Conexión perdida (server rejected WebSocket connection: HTTP 404); reintentando en 5s
2026-07-27 23:59:10,763 WARNING Conexión perdida (server rejected WebSocket connection: HTTP 404); reintentando en 5s
2026-07-27 23:59:15,988 WARNING Conexión perdida (server rejected WebSocket connection: HTTP 404); reintentando en 5s
2026-07-27 23:59:21,237 WARNING Conexión perdida (server rejected WebSocket connection: HTTP 404); reintentando en 5s
2026-07-27 23:59:26,741 WARNING Conexión perdida (server rejected WebSocket connection: HTTP 404); reintentando en 5s
2026-07-27 23:59:31,969 WARNING Conexión perdida (server rejected WebSocket connection: HTTP 404); reintentando en 5s
2026-07-27 23:59:37,220 WARNING Conexión perdida (server rejected WebSocket connection: HTTP 404); reintentando en 5s
2026-07-27 23:59:42,435 WARNING Conexión perdida (server rejected WebSocket connection: HTTP 404); reintentando en 5s
2026-07-27 23:59:47,657 WARNING Conexión perdida (server rejected WebSocket connection: HTTP 404); reintentando en 5s
2026-07-27 23:59:52,898 WARNING Conexión perdida (server rejected WebSocket connection: HTTP 404); reintentando en 5s
2026-07-27 23:59:58,121 WARNING Conexión perdida (server rejected WebSocket connection: HTTP 404); reintentando en 5s
2026-07-28 00:00:03,347 WARNING Conexión perdida (server rejected WebSocket connection: HTTP 404); reintentando en 5s
2026-07-28 00:00:08,610 WARNING Conexión perdida (server rejected WebSocket connection: HTTP 404); reintentando en 5s
2026-07-28 00:00:13,893 WARNING Conexión perdida (server rejected WebSocket connection: HTTP 404); reintentando en 5s
2026-07-28 00:00:19,147 WARNING Conexión perdida (server rejected WebSocket connection: HTTP 404); reintentando en 5s
2026-07-28 00:00:24,388 WARNING Conexión perdida (server rejected WebSocket connection: HTTP 404); reintentando en 5s
2026-07-28 00:00:29,629 WARNING Conexión perdida (server rejected WebSocket connection: HTTP 404); reintentando en 5s
2026-07-28 00:00:34,880 WARNING Conexión perdida (server rejected WebSocket connection: HTTP 404); reintentando en 5s
2026-07-28 00:00:40,122 WARNING Conexión perdida (server rejected WebSocket connection: HTTP 404); reintentando en 5s
2026-07-28 00:00:45,396 WARNING Conexión perdida (server rejected WebSocket connection: HTTP 404); reintentando en 5s
2026-07-28 00:00:50,646 WARNING Conexión perdida (server rejected WebSocket connection: HTTP 404); reintentando en 5s
2026-07-28 00:00:55,880 WARNING Conexión perdida (server rejected WebSocket connection: HTTP 404); reintentando en 5s
2026-07-28 00:01:01,131 WARNING Conexión perdida (server rejected WebSocket connection: HTTP 404); reintentando en 5s
2026-07-28 00:01:06,361 WARNING Conexión perdida (server rejected WebSocket connection: HTTP 404); reintentando en 5s
2026-07-28 00:01:11,606 WARNING Conexión perdida (server rejected WebSocket connection: HTTP 404); reintentando en 5s
2026-07-28 00:01:16,857 WARNING Conexión perdida (server rejected WebSocket connection: HTTP 404); reintentando en 5s
2026-07-28 00:01:22,096 WARNING Conexión perdida (server rejected WebSocket connection: HTTP 404); reintentando en 5s
2026-07-28 00:01:27,354 WARNING Conexión perdida (server rejected WebSocket connection: HTTP 404); reintentando en 5s
2026-07-28 00:01:32,595 WARNING Conexión perdida (server rejected WebSocket connection: HTTP 404); reintentando en 5s
2026-07-28 00:01:37,821 WARNING Conexión perdida (server rejected WebSocket connection: HTTP 404); reintentando en 5s
2026-07-28 00:01:43,080 WARNING Conexión perdida (server rejected WebSocket connection: HTTP 404); reintentando en 5s
2026-07-28 00:01:48,331 WARNING Conexión perdida (server rejected WebSocket connection: HTTP 404); reintentando en 5s
2026-07-28 00:01:53,571 WARNING Conexión perdida (server rejected WebSocket connection: HTTP 404); reintentando en 5s
2026-07-28 00:01:58,829 WARNING Conexión perdida (server rejected WebSocket connection: HTTP 404); reintentando en 5s
2026-07-28 00:02:04,074 WARNING Conexión perdida (server rejected WebSocket connection: HTTP 404); reintentando en 5s
2026-07-28 00:02:09,302 WARNING Conexión perdida (server rejected WebSocket connection: HTTP 404); reintentando en 5s
2026-07-28 00:02:14,555 WARNING Conexión perdida (server rejected WebSocket connection: HTTP 404); reintentando en 5s
2026-07-28 00:02:19,822 WARNING Conexión perdida (server rejected WebSocket connection: HTTP 404); reintentando en 5s
2026-07-28 00:02:25,063 WARNING Conexión perdida (server rejected WebSocket connection: HTTP 404); reintentando en 5s
2026-07-28 00:02:30,299 WARNING Conexión perdida (server rejected WebSocket connection: HTTP 404); reintentando en 5s
2026-07-28 00:02:35,554 WARNING Conexión perdida (server rejected WebSocket connection: HTTP 404); reintentando en 5s
2026-07-28 00:02:40,819 WARNING Conexión perdida (server rejected WebSocket connection: HTTP 404); reintentando en 5s
2026-07-28 00:02:46,055 WARNING Conexión perdida (server rejected WebSocket connection: HTTP 404); reintentando en 5s
2026-07-28 00:02:51,295 WARNING Conexión perdida (server rejected WebSocket connection: HTTP 404); reintentando en 5s
2026-07-28 00:02:56,541 WARNING Conexión perdida (server rejected WebSocket connection: HTTP 404); reintentando en 5s
2026-07-28 00:03:01,783 WARNING Conexión perdida (server rejected WebSocket connection: HTTP 404); reintentando en 5s
2026-07-28 00:03:07,002 WARNING Conexión perdida (server rejected WebSocket connection: HTTP 404); reintentando en 5s
2026-07-28 00:03:12,233 WARNING Conexión perdida (server rejected WebSocket connection: HTTP 404); reintentando en 5s
2026-07-28 00:03:17,475 WARNING Conexión perdida (server rejected WebSocket connection: HTTP 404); reintentando en 5s
2026-07-28 00:03:22,715 WARNING Conexión perdida (server rejected WebSocket connection: HTTP 404); reintentando en 5s
2026-07-28 00:03:27,955 WARNING Conexión perdida (server rejected WebSocket connection: HTTP 404); reintentando en 5s
2026-07-28 00:03:33,209 WARNING Conexión perdida (server rejected WebSocket connection: HTTP 404); reintentando en 5s
2026-07-28 00:03:38,448 WARNING Conexión perdida (server rejected WebSocket connection: HTTP 404); reintentando en 5s
2026-07-28 00:03:43,706 WARNING Conexión perdida (server rejected WebSocket connection: HTTP 404); reintentando en 5s
2026-07-28 00:03:48,943 WARNING Conexión perdida (server rejected WebSocket connection: HTTP 404); reintentando en 5s
2026-07-28 00:03:54,190 WARNING Conexión perdida (server rejected WebSocket connection: HTTP 404); reintentando en 5s
2026-07-28 00:03:59,437 WARNING Conexión perdida (server rejected WebSocket connection: HTTP 404); reintentando en 5s
2026-07-28 00:04:04,671 WARNING Conexión perdida (server rejected WebSocket connection: HTTP 404); reintentando en 5s
2026-07-28 00:04:09,905 WARNING Conexión perdida (server rejected WebSocket connection: HTTP 404); reintentando en 5s
2026-07-28 00:04:15,146 WARNING Conexión perdida (server rejected WebSocket connection: HTTP 404); reintentando en 5s
2026-07-28 00:04:20,385 WARNING Conexión perdida (server rejected WebSocket connection: HTTP 404); reintentando en 5s
2026-07-28 00:04:25,641 WARNING Conexión perdida (server rejected WebSocket connection: HTTP 404); reintentando en 5s
2026-07-28 00:04:30,875 WARNING Conexión perdida (server rejected WebSocket connection: HTTP 404); reintentando en 5s
2026-07-28 00:04:36,119 WARNING Conexión perdida (server rejected WebSocket connection: HTTP 404); reintentando en 5s
2026-07-28 00:04:41,649 WARNING Conexión perdida (server rejected WebSocket connection: HTTP 404); reintentando en 5s
2026-07-28 00:04:46,905 WARNING Conexión perdida (server rejected WebSocket connection: HTTP 404); reintentando en 5s
2026-07-28 00:04:52,145 WARNING Conexión perdida (server rejected WebSocket connection: HTTP 404); reintentando en 5s
2026-07-28 00:04:57,378 WARNING Conexión perdida (server rejected WebSocket connection: HTTP 404); reintentando en 5s
2026-07-28 00:05:02,608 WARNING Conexión perdida (server rejected WebSocket connection: HTTP 404); reintentando en 5s
2026-07-28 00:05:07,851 WARNING Conexión perdida (server rejected WebSocket connection: HTTP 404); reintentando en 5s
2026-07-28 00:05:13,099 WARNING Conexión perdida (server rejected WebSocket connection: HTTP 404); reintentando en 5s
2026-07-28 00:05:18,349 WARNING Conexión perdida (server rejected WebSocket connection: HTTP 404); reintentando en 5s
2026-07-28 00:05:23,591 WARNING Conexión perdida (server rejected WebSocket connection: HTTP 404); reintentando en 5s
2026-07-28 00:05:28,832 WARNING Conexión perdida (server rejected WebSocket connection: HTTP 404); reintentando en 5s
2026-07-28 00:05:34,068 WARNING Conexión perdida (server rejected WebSocket connection: HTTP 404); reintentando en 5s
2026-07-28 00:05:39,306 WARNING Conexión perdida (server rejected WebSocket connection: HTTP 404); reintentando en 5s
2026-07-28 00:05:44,529 WARNING Conexión perdida (server rejected WebSocket connection: HTTP 404); reintentando en 5s
2026-07-28 00:05:49,762 WARNING Conexión perdida (server rejected WebSocket connection: HTTP 404); reintentando en 5s
2026-07-28 00:05:55,001 WARNING Conexión perdida (server rejected WebSocket connection: HTTP 404); reintentando en 5s
2026-07-28 00:06:00,240 WARNING Conexión perdida (server rejected WebSocket connection: HTTP 404); reintentando en 5s
2026-07-28 00:06:05,499 WARNING Conexión perdida (server rejected WebSocket connection: HTTP 404); reintentando en 5s
2026-07-28 00:06:10,728 WARNING Conexión perdida (server rejected WebSocket connection: HTTP 404); reintentando en 5s
2026-07-28 00:06:15,962 WARNING Conexión perdida (server rejected WebSocket connection: HTTP 404); reintentando en 5s
2026-07-28 00:06:21,209 WARNING Conexión perdida (server rejected WebSocket connection: HTTP 404); reintentando en 5s
2026-07-28 00:06:26,453 WARNING Conexión perdida (server rejected WebSocket connection: HTTP 404); reintentando en 5s
2026-07-28 00:06:31,719 WARNING Conexión perdida (server rejected WebSocket connection: HTTP 404); reintentando en 5s
2026-07-28 00:06:36,973 WARNING Conexión perdida (server rejected WebSocket connection: HTTP 404); reintentando en 5s
2026-07-28 00:06:42,222 WARNING Conexión perdida (server rejected WebSocket connection: HTTP 404); reintentando en 5s
2026-07-28 00:06:47,465 WARNING Conexión perdida (server rejected WebSocket connection: HTTP 404); reintentando en 5s
2026-07-28 00:06:52,719 WARNING Conexión perdida (server rejected WebSocket connection: HTTP 404); reintentando en 5s
2026-07-28 00:06:57,960 WARNING Conexión perdida (server rejected WebSocket connection: HTTP 404); reintentando en 5s
2026-07-28 00:07:03,185 WARNING Conexión perdida (server rejected WebSocket connection: HTTP 404); reintentando en 5s
2026-07-28 00:07:08,425 WARNING Conexión perdida (server rejected WebSocket connection: HTTP 404); reintentando en 5s
2026-07-28 00:07:13,662 WARNING Conexión perdida (server rejected WebSocket connection: HTTP 404); reintentando en 5s
2026-07-28 00:07:18,886 WARNING Conexión perdida (server rejected WebSocket connection: HTTP 404); reintentando en 5s
2026-07-28 00:07:24,123 WARNING Conexión perdida (server rejected WebSocket connection: HTTP 404); reintentando en 5s
2026-07-28 00:07:29,344 WARNING Conexión perdida (server rejected WebSocket connection: HTTP 404); reintentando en 5s
2026-07-28 00:07:34,591 WARNING Conexión perdida (server rejected WebSocket connection: HTTP 404); reintentando en 5s
2026-07-28 00:07:39,832 WARNING Conexión perdida (server rejected WebSocket connection: HTTP 404); reintentando en 5s
2026-07-28 00:07:45,075 WARNING Conexión perdida (server rejected WebSocket connection: HTTP 404); reintentando en 5s
2026-07-28 00:07:50,312 WARNING Conexión perdida (server rejected WebSocket connection: HTTP 404); reintentando en 5s
2026-07-28 00:07:55,542 WARNING Conexión perdida (server rejected WebSocket connection: HTTP 404); reintentando en 5s
2026-07-28 00:08:00,788 WARNING Conexión perdida (server rejected WebSocket connection: HTTP 404); reintentando en 5s
2026-07-28 00:08:06,031 WARNING Conexión perdida (server rejected WebSocket connection: HTTP 404); reintentando en 5s
2026-07-28 00:08:11,271 WARNING Conexión perdida (server rejected WebSocket connection: HTTP 404); reintentando en 5s
2026-07-28 00:08:16,554 WARNING Conexión perdida (server rejected WebSocket connection: HTTP 404); reintentando en 5s
2026-07-28 00:08:21,790 WARNING Conexión perdida (server rejected WebSocket connection: HTTP 404); reintentando en 5s
2026-07-28 00:08:27,009 WARNING Conexión perdida (server rejected WebSocket connection: HTTP 404); reintentando en 5s
2026-07-28 00:08:32,265 WARNING Conexión perdida (server rejected WebSocket connection: HTTP 404); reintentando en 5s
2026-07-28 00:08:37,528 WARNING Conexión perdida (server rejected WebSocket connection: HTTP 404); reintentando en 5s
2026-07-28 00:08:42,769 WARNING Conexión perdida (server rejected WebSocket connection: HTTP 404); reintentando en 5s
2026-07-28 00:08:48,010 WARNING Conexión perdida (server rejected WebSocket connection: HTTP 404); reintentando en 5s
2026-07-28 00:08:53,291 WARNING Conexión perdida (server rejected WebSocket connection: HTTP 404); reintentando en 5s
2026-07-28 00:08:58,537 WARNING Conexión perdida (server rejected WebSocket connection: HTTP 404); reintentando en 5s
2026-07-28 00:09:03,780 WARNING Conexión perdida (server rejected WebSocket connection: HTTP 404); reintentando en 5s
2026-07-28 00:09:09,023 WARNING Conexión perdida (server rejected WebSocket connection: HTTP 404); reintentando en 5s
2026-07-28 00:09:14,260 WARNING Conexión perdida (server rejected WebSocket connection: HTTP 404); reintentando en 5s
2026-07-28 00:09:19,515 WARNING Conexión perdida (server rejected WebSocket connection: HTTP 404); reintentando en 5s
2026-07-28 00:09:25,753 WARNING Conexión perdida (server rejected WebSocket connection: HTTP 404); reintentando en 5s
2026-07-28 00:09:30,987 WARNING Conexión perdida (server rejected WebSocket connection: HTTP 404); reintentando en 5s
2026-07-28 00:09:36,228 WARNING Conexión perdida (server rejected WebSocket connection: HTTP 404); reintentando en 5s
2026-07-28 00:09:41,469 WARNING Conexión perdida (server rejected WebSocket connection: HTTP 404); reintentando en 5s
2026-07-28 00:09:46,700 WARNING Conexión perdida (server rejected WebSocket connection: HTTP 404); reintentando en 5s
2026-07-28 00:09:51,931 WARNING Conexión perdida (server rejected WebSocket connection: HTTP 404); reintentando en 5s
2026-07-28 00:09:57,165 WARNING Conexión perdida (server rejected WebSocket connection: HTTP 404); reintentando en 5s
2026-07-28 00:10:02,402 WARNING Conexión perdida (server rejected WebSocket connection: HTTP 404); reintentando en 5s
2026-07-28 00:10:07,639 WARNING Conexión perdida (server rejected WebSocket connection: HTTP 404); reintentando en 5s
2026-07-28 00:10:12,869 WARNING Conexión perdida (server rejected WebSocket connection: HTTP 404); reintentando en 5s
Traceback (most recent call last):
  File "C:\Users\nanou\AppData\Local\Programs\Python\Python313\Lib\asyncio\runners.py", line 118, in run
    return self._loop.run_until_complete(task)
           ~~~~~~~~~~~~~~~~~~~~~~~~~~~~~^^^^^^
  File "C:\Users\nanou\AppData\Local\Programs\Python\Python313\Lib\asyncio\base_events.py", line 725, in run_until_complete
    return future.result()
           ~~~~~~~~~~~~~^^
  File "C:\Users\nanou\Desktop\testing\ed_TEST\ed-indumentaria-test\printer-client\client.py", line 57, in run
    await asyncio.sleep(RECONNECT_DELAY_SECONDS)
  File "C:\Users\nanou\AppData\Local\Programs\Python\Python313\Lib\asyncio\tasks.py", line 718, in sleep
    return await future
           ^^^^^^^^^^^^
asyncio.exceptions.CancelledError

During handling of the above exception, another exception occurred:

Traceback (most recent call last):
  File "C:\Users\nanou\Desktop\testing\ed_TEST\ed-indumentaria-test\printer-client\client.py", line 61, in <module>
    asyncio.run(run())
    ~~~~~~~~~~~^^^^^^^
  File "C:\Users\nanou\AppData\Local\Programs\Python\Python313\Lib\asyncio\runners.py", line 195, in run
    return runner.run(main)
           ~~~~~~~~~~^^^^^^
  File "C:\Users\nanou\AppData\Local\Programs\Python\Python313\Lib\asyncio\runners.py", line 123, in run
    raise KeyboardInterrupt()
KeyboardInterrupt
